RECORD_ID,STUDENT_ID,ENROLLMENT_DATE,ACADEMIC_STANDING,CURRENT_GPA,CREDIT_HOURS_ATTEMPTED,CREDIT_HOURS_EARNED,MAJOR_CODE,ADVISOR_ID,FINANCIAL_AID_AMOUNT,LAST_LOGIN_DATE,TOTAL_COURSE_VIEWS,ASSIGNMENT_SUBMISSIONS,DISCUSSION_POSTS,AVG_ASSIGNMENT_SCORE,COURSE_COMPLETION_RATE,PLAGIARISM_INCIDENTS,WRITING_QUALITY_SCORE,ENGAGEMENT_SCORE,AT_RISK_FLAG,INTERVENTION_COUNT,LAST_UPDATED
RET_000000,STU_202400000,2024-08-11 0:00:00,Satisfactory Progress,3.13,16,15,PHIL,ADV_1131,13793.33,2025-07-27 14:28:37,144,11,25,54.9,0.99,0,79.3,63.9,FALSE,2,2025-07-31 23:57:37
RET_000001,STU_202400001,2024-08-02 0:00:00,Satisfactory Progress,2.16,19,18,POLI,ADV_1041,10434.22,2025-07-31 14:28:37,241,14,7,52.6,0.61,7,91,52.3,FALSE,3,2025-08-01 0:10:37
RET_000002,STU_202400002,2024-08-01 0:00:00,Satisfactory Progress,3.28,16,14,PHIL,ADV_1097,0,2025-07-27 14:28:37,55,9,12,60.2,0.45,0,79.1,32.4,FALSE,3,2025-07-31 16:23:37
RET_000003,STU_202400003,2024-08-12 0:00:00,Probationary Status,3.96,19,16,JOUR,ADV_1141,31414.78,2025-07-30 14:28:37,236,12,11,55.5,0.42,3,40.1,43.3,TRUE,7,2025-07-31 16:41:37
RET_000004,STU_202400004,2024-08-05 0:00:00,Dean's List,3.95,16,11,MUSC,ADV_1098,0,2025-07-31 14:28:37,155,14,24,80,0.92,0,86.7,34.6,FALSE,1,2025-08-01 9:57:37
RET_000005,STU_202400005,2024-08-04 0:00:00,Excellent Standing,3.22,20,16,PSYC,ADV_1012,16279.15,2025-07-29 14:28:37,228,11,23,88.3,0.76,0,86.2,24.9,FALSE,1,2025-08-01 5:04:37
RET_000006,STU_202400006,2024-08-04 0:00:00,Satisfactory Progress,2.73,17,16,RELI,ADV_1044,9734.71,2025-07-05 14:28:37,32,7,9,92.2,0.39,0,89.1,81.8,FALSE,1,2025-07-31 19:17:37
RET_000007,STU_202400007,2024-08-03 0:00:00,Distinguished Standing,3.84,17,12,HIST,ADV_1086,4634.33,2025-07-26 14:28:37,138,13,27,97.3,0.47,0,44,80.7,FALSE,2,2025-08-01 12:22:37
RET_000008,STU_202400008,2024-08-12 0:00:00,Academic Warning,1.14,12,9,PHIL,ADV_1145,29758.57,2025-07-29 14:28:37,368,13,9,62.5,0.34,0,85.4,59.6,FALSE,2,2025-07-31 20:45:37
RET_000009,STU_202400009,2024-08-02 0:00:00,Probationary Status,3.21,19,14,ENGR,ADV_1039,10893.15,2025-07-30 14:28:37,367,18,31,56.2,0.36,0,89.6,67.2,TRUE,8,2025-07-31 17:53:37
RET_000010,STU_202400010,2024-08-11 0:00:00,Academic Probation,1.51,16,13,COMP,ADV_1042,14541,2025-07-31 14:28:37,192,15,32,65,0.66,0,84.7,78.2,FALSE,0,2025-08-01 10:11:37
RET_000011,STU_202400011,2024-08-12 0:00:00,Honor Roll,2.27,14,12,BUSN,ADV_1038,0,2025-07-27 14:28:37,117,19,31,70.3,0.71,0,77.2,18.7,FALSE,3,2025-08-01 11:50:37
RET_000012,STU_202400012,2024-08-15 0:00:00,Excellent Standing,2.68,13,9,ARTS,ADV_1046,0,2025-08-01 14:28:37,203,10,28,91.2,0.58,0,41.1,72.2,FALSE,0,2025-07-31 15:51:37
RET_000013,STU_202400013,2024-08-09 0:00:00,Probationary Status,3.68,17,16,ECON,ADV_1014,0,2025-07-26 14:28:37,123,11,16,74.5,0.39,0,89,59.9,FALSE,0,2025-08-01 2:20:37
RET_000014,STU_202400014,2024-08-02 0:00:00,Probationary Status,2.65,18,17,FINC,ADV_1108,0,2025-07-25 14:28:37,116,11,2,69.9,0.73,0,59.9,69.6,FALSE,3,2025-08-01 1:11:37
RET_000015,STU_202400015,2024-08-10 0:00:00,Warning Status,3.98,15,12,MGMT,ADV_1079,18361.02,2025-07-25 14:28:37,105,13,31,62,0.57,0,72.1,72.8,TRUE,7,2025-08-01 9:18:37
RET_000016,STU_202400016,2024-08-07 0:00:00,Academic Suspension,3.9,18,17,ANTH,ADV_1080,5167.38,2025-07-29 14:28:37,217,12,22,93.2,0.51,0,68.1,15.5,FALSE,1,2025-08-01 9:50:37
RET_000017,STU_202400017,2024-08-01 0:00:00,Academic Probation,3.18,18,17,FINC,ADV_1115,12283.68,2025-07-31 14:28:37,351,10,6,51.3,0.55,0,94,84.9,FALSE,0,2025-07-31 23:07:37
RET_000018,STU_202400018,2024-08-01 0:00:00,Dean's List,3.84,19,16,PHIL,ADV_1074,4050.8,2025-07-27 14:28:37,75,20,16,61.2,0.87,0,89.2,82.8,FALSE,0,2025-07-31 21:51:37
RET_000019,STU_202400019,2024-08-02 0:00:00,Probationary Status,3.78,15,12,HIST,ADV_1047,2093.91,2025-07-28 14:28:37,74,13,34,93.8,0.31,4,89.6,33,FALSE,1,2025-08-01 12:00:37
RET_000020,STU_202400020,2024-08-04 0:00:00,Honor Roll,1.55,13,10,PHYS,ADV_1031,26874.61,2025-07-27 14:28:37,150,14,0,70.3,0.66,0,37.4,49.2,TRUE,3,2025-08-01 12:37:37
RET_000021,STU_202400021,2024-08-04 0:00:00,Dean's List,2.83,12,10,THEA,ADV_1034,30844.81,2025-07-30 14:28:37,371,11,14,83.7,0.45,6,45.2,42.5,TRUE,6,2025-07-31 15:32:37
RET_000022,STU_202400022,2024-08-09 0:00:00,Dean's List,2.84,20,18,ENGL,ADV_1052,3860.14,2025-07-25 14:28:37,142,13,5,61.7,0.43,0,76.3,22.4,TRUE,3,2025-08-01 5:42:37
RET_000023,STU_202400023,2024-08-10 0:00:00,Academic Warning,3.11,14,10,ARTS,ADV_1001,5110.3,2025-07-26 14:28:37,76,15,35,46.6,0.4,7,69.3,63.4,TRUE,7,2025-07-31 15:05:37
RET_000024,STU_202400024,2024-08-01 0:00:00,Good Standing,3.97,19,14,POLI,ADV_1065,0,2025-07-15 14:28:37,5,20,22,63.2,0.59,0,36.2,91.8,FALSE,2,2025-08-01 5:30:37
RET_000025,STU_202400025,2024-08-09 0:00:00,Good Standing,3.82,14,13,MGMT,ADV_1004,29343.98,2025-07-26 14:28:37,147,13,20,76.4,0.7,0,75.3,38,TRUE,6,2025-08-01 10:22:37
RET_000026,STU_202400026,2024-08-04 0:00:00,Dean's List,3.13,15,11,ECON,ADV_1118,12744.29,2025-07-30 14:28:37,189,17,25,97.4,0.44,0,55.4,50.4,FALSE,3,2025-07-31 21:06:37
RET_000027,STU_202400027,2024-08-12 0:00:00,Satisfactory Progress,2.54,18,13,PHIL,ADV_1128,9250.24,2025-07-26 14:28:37,74,9,21,75.5,0.62,0,57.2,44,FALSE,2,2025-07-31 17:10:37
RET_000028,STU_202400028,2024-08-11 0:00:00,Warning Status,2.39,18,13,ENGR,ADV_1128,0,2025-07-22 14:28:37,15,16,35,54.5,0.88,0,72.4,44.6,FALSE,1,2025-08-01 2:57:37
RET_000029,STU_202400029,2024-08-12 0:00:00,Academic Probation,1.33,14,13,ARTS,ADV_1140,27378.42,2025-08-01 14:28:37,197,8,24,60.2,0.46,0,90,52.5,FALSE,1,2025-08-01 13:08:37
RET_000030,STU_202400030,2024-08-09 0:00:00,Satisfactory Progress,2.83,16,12,BIOL,ADV_1002,25150.82,2025-07-31 14:28:37,266,11,33,45.6,0.53,0,91.1,72.8,TRUE,3,2025-08-01 0:39:37
RET_000031,STU_202400031,2024-08-07 0:00:00,Conditional Standing,3.77,13,9,ACCT,ADV_1127,19162.17,2025-07-12 14:28:37,15,8,34,67.4,0.82,2,52.5,17.2,TRUE,7,2025-07-31 22:20:37
RET_000032,STU_202400032,2024-08-04 0:00:00,Probationary Status,3.94,20,16,GEOG,ADV_1061,0,2025-07-29 14:28:37,183,11,27,88.8,0.77,5,71.2,23.1,FALSE,0,2025-08-01 13:34:37
RET_000033,STU_202400033,2024-08-08 0:00:00,Warning Status,3.81,17,16,THEA,ADV_1056,0,2025-07-28 14:28:37,125,15,29,59.7,0.31,2,94.5,67.1,FALSE,2,2025-07-31 20:19:37
RET_000034,STU_202400034,2024-08-10 0:00:00,Dean's List,3.12,20,16,NURS,ADV_1122,0,2025-07-31 14:28:37,361,17,15,73.1,0.94,0,50.2,16.8,TRUE,5,2025-08-01 9:34:37
RET_000035,STU_202400035,2024-08-05 0:00:00,Distinguished Standing,2.71,12,11,BUSN,ADV_1117,24950.3,2025-07-10 14:28:37,34,10,5,60.4,0.92,0,93.9,37.8,FALSE,0,2025-08-01 2:57:37
RET_000036,STU_202400036,2024-08-13 0:00:00,Distinguished Standing,3.68,20,18,HIST,ADV_1105,0,2025-07-28 14:28:37,100,14,26,58.3,0.93,2,89.3,29.3,FALSE,1,2025-08-01 13:43:37
RET_000037,STU_202400037,2024-08-14 0:00:00,Conditional Standing,3.53,13,10,BIOL,ADV_1114,6734.51,2025-07-25 14:28:37,99,15,6,66.1,0.96,0,49.3,28,FALSE,0,2025-07-31 20:27:37
RET_000038,STU_202400038,2024-08-01 0:00:00,Satisfactory Progress,3.97,14,12,ANTH,ADV_1021,0,2025-07-30 14:28:37,220,19,4,82.3,0.81,0,61.9,76.2,FALSE,0,2025-07-31 15:25:37
RET_000039,STU_202400039,2024-08-13 0:00:00,Conditional Standing,2.69,13,12,FINC,ADV_1002,32801.59,2025-07-25 14:28:37,102,10,23,49.1,0.37,0,37.4,75.8,FALSE,1,2025-08-01 11:48:37
RET_000040,STU_202400040,2024-08-13 0:00:00,Dean's List,3.53,13,12,ENGR,ADV_1063,2681.94,2025-07-27 14:28:37,102,10,16,56.1,0.33,6,74.6,31.3,FALSE,3,2025-08-01 2:14:37
RET_000041,STU_202400041,2024-08-03 0:00:00,Academic Warning,3.89,20,19,ACCT,ADV_1141,2377.85,2025-07-25 14:28:37,98,19,25,90.8,0.58,0,36.9,32.4,FALSE,2,2025-07-31 15:31:37
RET_000042,STU_202400042,2024-08-12 0:00:00,Probationary Status,3.78,18,14,ANTH,ADV_1072,5058.9,2025-07-31 14:28:37,331,11,29,70.9,0.35,3,79.1,26,FALSE,2,2025-08-01 4:02:37
RET_000043,STU_202400043,2024-08-07 0:00:00,Distinguished Standing,3.62,19,16,SOCI,ADV_1143,23381.33,2025-07-29 14:28:37,332,10,30,88.9,0.89,0,57.8,53.3,FALSE,2,2025-08-01 6:25:37
RET_000044,STU_202400044,2024-08-06 0:00:00,Good Standing,3.8,19,13,COMP,ADV_1054,19601.26,2025-08-01 14:28:37,305,8,18,51.6,0.82,3,76.7,69.9,FALSE,2,2025-08-01 0:18:37
RET_000045,STU_202400045,2024-08-05 0:00:00,Academic Probation,3.99,16,13,BUSN,ADV_1013,0,2025-08-01 14:28:37,323,9,28,64.2,0.45,0,57.5,33.7,FALSE,0,2025-08-01 7:36:37
RET_000046,STU_202400046,2024-08-03 0:00:00,Conditional Standing,3.55,18,12,PHYS,ADV_1048,0,2025-07-29 14:28:37,263,14,6,65.9,0.52,0,65.8,26.2,FALSE,2,2025-08-01 10:11:37
RET_000047,STU_202400047,2024-08-04 0:00:00,Dean's List,2.82,17,15,COMM,ADV_1038,0,2025-08-01 14:28:37,162,20,12,94.7,0.56,8,55.5,24.8,TRUE,8,2025-07-31 23:17:37
RET_000048,STU_202400048,2024-08-13 0:00:00,Academic Warning,2.51,12,11,PHIL,ADV_1015,13587.75,2025-07-31 14:28:37,154,8,0,63,0.43,7,46.6,90.7,FALSE,0,2025-07-31 22:18:37
RET_000049,STU_202400049,2024-08-06 0:00:00,Distinguished Standing,2.88,16,15,MGMT,ADV_1090,0,2025-07-29 14:28:37,395,16,10,83.7,0.33,0,40,31.9,FALSE,3,2025-07-31 20:49:37
RET_000050,STU_202400050,2024-08-02 0:00:00,Excellent Standing,1.09,12,9,NURS,ADV_1010,7666.25,2025-07-27 14:28:37,91,19,12,78.4,0.95,0,75.3,67.1,TRUE,3,2025-08-01 3:32:37
RET_000051,STU_202400051,2024-08-02 0:00:00,Satisfactory Progress,3.03,16,12,PSYC,ADV_1038,0,2025-07-26 14:28:37,65,10,6,64.1,0.42,7,88.7,88.1,TRUE,7,2025-07-31 14:32:37
RET_000052,STU_202400052,2024-08-07 0:00:00,Good Standing,3.05,19,18,THEA,ADV_1009,6855.31,2025-07-27 14:28:37,51,11,29,56.8,0.76,0,42.7,39.9,FALSE,3,2025-08-01 6:28:37
RET_000053,STU_202400053,2024-08-02 0:00:00,Excellent Standing,3.83,13,12,COMM,ADV_1148,6661.67,2025-07-27 14:28:37,55,9,26,61.1,0.72,1,57.4,72,TRUE,3,2025-08-01 13:23:37
RET_000054,STU_202400054,2024-08-06 0:00:00,Dean's List,3.52,15,11,MUSC,ADV_1077,2417.23,2025-07-21 14:28:37,50,21,10,58.5,0.37,0,83.1,27.8,TRUE,8,2025-07-31 22:55:37
RET_000055,STU_202400055,2024-08-14 0:00:00,Academic Probation,3.71,19,17,ACCT,ADV_1085,3444.42,2025-07-26 14:28:37,136,11,11,79,0.92,3,78.4,20.3,TRUE,2,2025-07-31 17:30:37
RET_000056,STU_202400056,2024-08-06 0:00:00,Satisfactory Progress,2,17,13,PHIL,ADV_1023,11884.41,2025-07-25 14:28:37,58,8,28,65.5,0.75,7,39.2,89.8,FALSE,0,2025-07-31 22:17:37
RET_000057,STU_202400057,2024-08-10 0:00:00,Academic Warning,3.66,18,15,ENGL,ADV_1013,0,2025-08-01 14:28:37,209,15,7,61.5,0.82,0,92.9,54.3,FALSE,3,2025-08-01 8:44:37
RET_000058,STU_202400058,2024-08-05 0:00:00,Satisfactory Progress,1.18,13,9,ANTH,ADV_1028,12329.35,2025-07-31 14:28:37,165,11,31,60.9,0.41,5,82.2,15.6,FALSE,3,2025-08-01 5:43:37
RET_000059,STU_202400059,2024-08-13 0:00:00,Probationary Status,3.14,15,14,POLI,ADV_1107,26562.43,2025-08-01 14:28:37,210,23,21,52.2,0.52,0,42.3,46.1,FALSE,1,2025-08-01 0:13:37
RET_000060,STU_202400060,2024-08-01 0:00:00,Excellent Standing,2.77,18,16,COMP,ADV_1046,7352.05,2025-08-01 14:28:37,283,18,18,85.2,0.46,1,46.1,59.2,FALSE,3,2025-08-01 12:20:37
RET_000061,STU_202400061,2024-08-12 0:00:00,Excellent Standing,3.21,20,19,EDUC,ADV_1042,19328.85,2025-07-27 14:28:37,81,15,3,93.5,0.77,2,82.5,71.8,FALSE,1,2025-08-01 1:24:37
RET_000062,STU_202400062,2024-08-08 0:00:00,Warning Status,1.92,12,10,GEOG,ADV_1073,2188.55,2025-07-29 14:28:37,305,16,20,54.8,0.74,0,38,89.1,FALSE,1,2025-08-01 1:29:37
RET_000063,STU_202400063,2024-08-09 0:00:00,Academic Suspension,3.28,14,10,COMP,ADV_1147,19956.63,2025-07-25 14:28:37,58,7,9,95.2,0.39,0,54.2,24,TRUE,4,2025-07-31 20:29:37
RET_000064,STU_202400064,2024-08-02 0:00:00,Satisfactory Progress,3.71,20,16,MATH,ADV_1144,14057.24,2025-07-29 14:28:37,210,10,27,83.8,0.52,0,63.6,78.4,FALSE,0,2025-07-31 14:05:37
RET_000065,STU_202400065,2024-08-15 0:00:00,Warning Status,3.16,20,19,MATH,ADV_1046,32965.04,2025-07-29 14:28:37,258,15,15,61.2,0.7,0,94.3,32.6,FALSE,2,2025-08-01 13:58:37
RET_000066,STU_202400066,2024-08-07 0:00:00,Distinguished Standing,2.73,12,9,THEA,ADV_1117,14886.56,2025-07-18 14:28:37,22,9,23,66.3,0.42,0,46.2,27.8,FALSE,0,2025-08-01 12:25:37
RET_000067,STU_202400067,2024-08-02 0:00:00,Excellent Standing,3.74,15,14,COMM,ADV_1149,23513.95,2025-07-26 14:28:37,147,13,1,85.8,0.6,0,75.6,24,FALSE,1,2025-08-01 2:53:37
RET_000068,STU_202400068,2024-08-09 0:00:00,Conditional Standing,1.12,15,10,PHYS,ADV_1093,28933.07,2025-07-28 14:28:37,126,11,35,83.9,0.48,1,65.5,34,FALSE,1,2025-07-31 17:44:37
RET_000069,STU_202400069,2024-08-05 0:00:00,Excellent Standing,3.69,12,11,CHEM,ADV_1010,0,2025-07-25 14:28:37,86,16,30,48.8,0.4,0,93.5,82.4,FALSE,2,2025-07-31 14:25:37
RET_000070,STU_202400070,2024-08-14 0:00:00,Satisfactory Progress,1.08,15,11,MGMT,ADV_1024,11790.02,2025-07-30 14:28:37,384,7,0,91.1,0.81,0,87.7,37.1,FALSE,2,2025-08-01 12:21:37
RET_000071,STU_202400071,2024-08-11 0:00:00,Academic Warning,3.1,19,16,ENGL,ADV_1077,4834.08,2025-07-26 14:28:37,103,19,23,65.5,0.52,0,46.4,58.2,FALSE,3,2025-07-31 20:05:37
RET_000072,STU_202400072,2024-08-10 0:00:00,Distinguished Standing,3.97,13,11,HIST,ADV_1083,14986.37,2025-07-22 14:28:37,31,7,24,94.9,0.41,0,80.7,61.1,FALSE,2,2025-08-01 13:49:37
RET_000073,STU_202400073,2024-08-15 0:00:00,Satisfactory Progress,3.53,15,12,FINC,ADV_1095,0,2025-07-28 14:28:37,148,16,31,79,0.56,0,85.9,71.2,FALSE,0,2025-08-01 8:34:37
RET_000074,STU_202400074,2024-08-14 0:00:00,Satisfactory Progress,2.59,19,14,CHEM,ADV_1098,7970.68,2025-07-26 14:28:37,104,10,30,46.8,0.87,2,73.1,93.8,TRUE,2,2025-07-31 23:32:37
RET_000075,STU_202400075,2024-08-06 0:00:00,Honor Roll,2.93,19,16,PSYC,ADV_1018,34528.42,2025-08-01 14:28:37,328,14,16,77.4,0.96,0,71.1,92.4,TRUE,3,2025-08-01 10:36:37
RET_000076,STU_202400076,2024-08-10 0:00:00,Dean's List,3,17,13,MATH,ADV_1110,11140.75,2025-07-29 14:28:37,304,14,0,51.2,0.36,0,52.1,89.6,FALSE,2,2025-07-31 17:23:37
RET_000077,STU_202400077,2024-08-04 0:00:00,Probationary Status,1.39,16,14,MUSC,ADV_1141,0,2025-07-26 14:28:37,100,11,33,93.7,0.91,0,84.5,91.1,FALSE,2,2025-08-01 4:17:37
RET_000078,STU_202400078,2024-08-12 0:00:00,Honor Roll,3,13,10,PSYC,ADV_1017,29078.04,2025-07-26 14:28:37,82,15,34,80.2,0.57,8,88.4,96.7,TRUE,7,2025-08-01 1:23:37
RET_000079,STU_202400079,2024-08-02 0:00:00,Excellent Standing,3.84,18,12,MATH,ADV_1075,0,2025-07-26 14:28:37,146,7,22,88.6,0.49,0,51.9,88.6,FALSE,3,2025-07-31 14:32:37
RET_000080,STU_202400080,2024-08-01 0:00:00,Satisfactory Progress,3.83,15,14,CHEM,ADV_1121,10979.76,2025-07-26 14:28:37,139,7,10,88.7,0.3,0,38.7,28.1,TRUE,6,2025-08-01 12:41:37
RET_000081,STU_202400081,2024-08-11 0:00:00,Probationary Status,2.75,15,13,RELI,ADV_1035,11787.54,2025-07-26 14:28:37,117,18,18,84.2,0.42,0,89.2,97.8,FALSE,2,2025-08-01 3:14:37
RET_000082,STU_202400082,2024-08-04 0:00:00,Dean's List,3.68,16,14,GEOG,ADV_1032,26504.59,2025-07-30 14:28:37,200,10,32,95.7,0.62,0,80.3,59.2,TRUE,4,2025-08-01 0:25:37
RET_000083,STU_202400083,2024-08-13 0:00:00,Honor Roll,3.09,20,14,MGMT,ADV_1071,0,2025-07-30 14:28:37,201,8,12,58.9,0.93,0,75.4,62.1,FALSE,1,2025-07-31 20:20:37
RET_000084,STU_202400084,2024-08-05 0:00:00,Satisfactory Progress,2.04,12,10,NURS,ADV_1085,21713.89,2025-07-31 14:28:37,372,15,5,60.7,0.56,8,75.5,94.2,FALSE,2,2025-08-01 8:26:37
RET_000085,STU_202400085,2024-08-02 0:00:00,Academic Probation,2.98,14,12,COMM,ADV_1135,33200.08,2025-07-27 14:28:37,53,16,30,71,0.83,0,81.3,50.3,FALSE,1,2025-08-01 12:59:37
RET_000086,STU_202400086,2024-08-14 0:00:00,Distinguished Standing,2.64,12,9,MUSC,ADV_1106,6978.41,2025-07-28 14:28:37,146,15,2,50.2,0.67,7,75.7,65.7,FALSE,1,2025-08-01 11:37:37
RET_000087,STU_202400087,2024-08-04 0:00:00,Honor Roll,3.35,16,14,THEA,ADV_1135,6763.63,2025-07-28 14:28:37,112,20,21,77.3,0.54,0,50.7,81,FALSE,0,2025-08-01 0:51:37
RET_000088,STU_202400088,2024-08-14 0:00:00,Dean's List,3.58,16,13,ANTH,ADV_1054,26215.16,2025-07-27 14:28:37,90,12,25,65.2,0.34,8,83.7,38.2,TRUE,3,2025-08-01 3:45:37
RET_000089,STU_202400089,2024-08-02 0:00:00,Honor Roll,2.57,18,17,JOUR,ADV_1054,6354.09,2025-07-27 14:28:37,62,13,25,83.8,0.92,0,53,36.6,TRUE,6,2025-08-01 14:28:37
RET_000090,STU_202400090,2024-08-07 0:00:00,Academic Suspension,3.05,19,14,RELI,ADV_1015,29747.6,2025-07-31 14:28:37,372,13,15,64.7,0.73,0,67.8,32.8,TRUE,6,2025-07-31 23:12:37
RET_000091,STU_202400091,2024-08-05 0:00:00,Academic Suspension,2.96,19,15,ECON,ADV_1028,29056.87,2025-07-25 14:28:37,115,18,12,45.2,0.75,1,37.6,75.9,FALSE,3,2025-07-31 15:35:37
RET_000092,STU_202400092,2024-08-08 0:00:00,Excellent Standing,3.11,20,18,CHEM,ADV_1147,21409.28,2025-07-14 14:28:37,6,21,2,96.9,0.82,0,62.9,79.1,TRUE,6,2025-07-31 18:23:37
RET_000093,STU_202400093,2024-08-11 0:00:00,Academic Probation,2.78,18,15,ENGR,ADV_1136,23458.58,2025-07-29 14:28:37,305,14,5,63.6,0.96,0,90.4,16.7,FALSE,1,2025-07-31 21:52:37
RET_000094,STU_202400094,2024-08-14 0:00:00,Academic Warning,3.53,12,10,SOCI,ADV_1023,0,2025-07-09 14:28:37,47,12,18,77.5,0.8,6,87.1,48.7,FALSE,1,2025-08-01 4:53:37
RET_000095,STU_202400095,2024-08-06 0:00:00,Academic Warning,3.88,17,14,ANTH,ADV_1124,8518.85,2025-07-06 14:28:37,50,9,8,71.6,0.36,0,44.2,46.2,FALSE,1,2025-07-31 16:08:37
RET_000096,STU_202400096,2024-08-03 0:00:00,Dean's List,2.61,16,12,JOUR,ADV_1074,8914.76,2025-07-25 14:28:37,71,9,30,80.5,0.47,3,87.4,59.4,TRUE,6,2025-07-31 16:10:37
RET_000097,STU_202400097,2024-08-06 0:00:00,Conditional Standing,2.62,13,10,PHYS,ADV_1110,24039.57,2025-07-31 14:28:37,177,19,1,53.6,0.95,8,44,92,TRUE,2,2025-08-01 6:37:37
RET_000098,STU_202400098,2024-08-06 0:00:00,Distinguished Standing,3,17,16,BIOL,ADV_1082,28864.46,2025-07-16 14:28:37,19,17,30,95.9,0.77,0,61.1,87.6,FALSE,3,2025-07-31 18:19:37
RET_000099,STU_202400099,2024-08-04 0:00:00,Academic Warning,2.86,17,16,PSYC,ADV_1067,18767.07,2025-07-25 14:28:37,61,11,4,79.5,0.56,4,70.6,24.6,FALSE,0,2025-07-31 19:55:37
RET_000100,STU_202400100,2024-08-11 0:00:00,Distinguished Standing,2.91,16,14,GEOG,ADV_1135,7078.87,2025-07-26 14:28:37,133,23,14,57,0.38,0,40.7,72.6,FALSE,3,2025-08-01 0:02:37
RET_000101,STU_202400101,2024-08-05 0:00:00,Dean's List,1.44,16,12,MUSC,ADV_1148,0,2025-07-31 14:28:37,237,15,7,75.6,0.39,0,44,89.8,FALSE,3,2025-07-31 19:53:37
RET_000102,STU_202400102,2024-08-12 0:00:00,Academic Probation,3.08,20,18,MGMT,ADV_1091,4141.96,2025-07-26 14:28:37,123,10,3,76.6,0.43,0,36.3,34.1,FALSE,2,2025-07-31 20:15:37
RET_000103,STU_202400103,2024-08-15 0:00:00,Conditional Standing,3.37,12,11,PHYS,ADV_1034,0,2025-07-26 14:28:37,90,20,8,72.8,0.72,0,53.2,73.1,TRUE,6,2025-08-01 1:06:37
RET_000104,STU_202400104,2024-08-11 0:00:00,Conditional Standing,3.73,18,16,ARTS,ADV_1145,0,2025-07-26 14:28:37,51,22,29,61.9,0.87,4,46.4,93.8,FALSE,2,2025-08-01 9:50:37
RET_000105,STU_202400105,2024-08-11 0:00:00,Academic Suspension,2.89,14,12,MKTG,ADV_1128,0,2025-07-29 14:28:37,277,24,9,77.2,0.4,0,64.9,24.4,FALSE,1,2025-08-01 6:11:37
RET_000106,STU_202400106,2024-08-02 0:00:00,Excellent Standing,1.61,19,18,GEOG,ADV_1134,0,2025-08-01 14:28:37,303,12,32,98,0.39,0,86.1,54.8,TRUE,5,2025-07-31 22:39:37
RET_000107,STU_202400107,2024-08-10 0:00:00,Satisfactory Progress,3.28,16,15,CHEM,ADV_1128,7414.98,2025-07-02 14:28:37,41,18,13,71.5,0.79,0,74.9,90.5,FALSE,0,2025-08-01 11:02:37
RET_000108,STU_202400108,2024-08-11 0:00:00,Conditional Standing,3.2,18,14,ENGR,ADV_1127,24478.1,2025-07-27 14:28:37,69,18,14,82.5,0.34,0,41.4,63.2,FALSE,0,2025-07-31 15:23:37
RET_000109,STU_202400109,2024-08-03 0:00:00,Good Standing,1.89,12,10,PHIL,ADV_1047,15429.65,2025-07-19 14:28:37,36,12,10,98,0.68,7,52.4,76.2,FALSE,0,2025-07-31 18:38:37
RET_000110,STU_202400110,2024-08-09 0:00:00,Dean's List,3.2,15,12,BUSN,ADV_1060,0,2025-07-25 14:28:37,94,14,4,73.2,0.5,0,91.6,26.2,FALSE,3,2025-07-31 14:56:37
RET_000111,STU_202400111,2024-08-12 0:00:00,Conditional Standing,3.82,15,13,EDUC,ADV_1075,0,2025-07-29 14:28:37,329,15,6,52,0.83,3,92.4,58,TRUE,4,2025-08-01 9:58:37
RET_000112,STU_202400112,2024-08-04 0:00:00,Conditional Standing,1.14,19,18,MGMT,ADV_1050,25392.41,2025-08-01 14:28:37,367,14,10,75.9,0.61,0,55.3,59.7,FALSE,2,2025-08-01 7:37:37
RET_000113,STU_202400113,2024-08-03 0:00:00,Warning Status,2.64,17,14,ENGR,ADV_1001,28115.21,2025-07-30 14:28:37,203,18,12,84.3,0.31,0,72.1,34.2,FALSE,2,2025-08-01 4:37:37
RET_000114,STU_202400114,2024-08-08 0:00:00,Distinguished Standing,3.36,14,13,MKTG,ADV_1031,10656.12,2025-07-31 14:28:37,323,12,27,81.4,0.42,0,70.9,25.5,FALSE,0,2025-07-31 21:23:37
RET_000115,STU_202400115,2024-08-07 0:00:00,Good Standing,3.01,20,15,JOUR,ADV_1007,24160.14,2025-07-27 14:28:37,110,6,7,97.4,0.76,0,55.5,90.4,FALSE,1,2025-08-01 7:31:37
RET_000116,STU_202400116,2024-08-05 0:00:00,Warning Status,3.94,13,10,CHEM,ADV_1120,21129.9,2025-07-30 14:28:37,310,11,2,51.4,0.58,0,76.3,57.2,FALSE,0,2025-07-31 13:42:37
RET_000117,STU_202400117,2024-08-15 0:00:00,Conditional Standing,3.66,16,14,MGMT,ADV_1031,6834.73,2025-07-30 14:28:37,317,20,5,86.6,0.91,0,68.9,65.4,TRUE,8,2025-07-31 14:24:37
RET_000118,STU_202400118,2024-08-11 0:00:00,Satisfactory Progress,2.9,20,18,ANTH,ADV_1054,17966.77,2025-07-28 14:28:37,130,24,23,45.6,0.38,0,36.1,88.4,TRUE,6,2025-08-01 13:12:37
RET_000119,STU_202400119,2024-08-12 0:00:00,Good Standing,3.9,14,13,ECON,ADV_1107,27372.6,2025-07-29 14:28:37,155,24,17,82.1,0.37,0,49.8,35,TRUE,4,2025-08-01 4:26:37
RET_000120,STU_202400120,2024-08-09 0:00:00,Academic Suspension,2.57,17,15,THEA,ADV_1106,0,2025-07-26 14:28:37,111,23,19,75.6,0.37,5,73,60.8,FALSE,2,2025-08-01 10:06:37
RET_000121,STU_202400121,2024-08-04 0:00:00,Honor Roll,2.83,15,12,CHEM,ADV_1012,4279.67,2025-07-30 14:28:37,253,12,35,88.7,0.85,5,68.3,43.1,FALSE,1,2025-07-31 13:53:37
RET_000122,STU_202400122,2024-08-11 0:00:00,Conditional Standing,3.99,16,13,BUSN,ADV_1086,30889.15,2025-07-31 14:28:37,282,12,13,96.7,0.93,0,54.9,59.6,FALSE,3,2025-07-31 16:49:37
RET_000123,STU_202400123,2024-08-06 0:00:00,Conditional Standing,1.83,17,13,PHYS,ADV_1090,0,2025-07-30 14:28:37,151,16,20,51.6,0.39,0,42.6,36.6,FALSE,0,2025-08-01 2:14:37
RET_000124,STU_202400124,2024-08-14 0:00:00,Excellent Standing,3.36,16,13,MGMT,ADV_1144,0,2025-07-30 14:28:37,172,13,2,49.5,0.39,0,73,42.6,TRUE,7,2025-07-31 17:17:37
RET_000125,STU_202400125,2024-08-13 0:00:00,Distinguished Standing,3.32,13,10,POLI,ADV_1055,23817.77,2025-07-30 14:28:37,258,10,15,61.1,0.96,1,83.8,26.3,FALSE,2,2025-08-01 11:59:37
RET_000126,STU_202400126,2024-08-13 0:00:00,Distinguished Standing,3.04,13,10,PHYS,ADV_1003,11192.75,2025-07-28 14:28:37,134,16,8,75.9,0.79,0,68.8,29.8,TRUE,5,2025-08-01 5:15:37
RET_000127,STU_202400127,2024-08-01 0:00:00,Excellent Standing,3.73,15,12,PSYC,ADV_1052,17958.88,2025-07-27 14:28:37,127,17,13,81.8,0.76,3,58,50.5,FALSE,1,2025-07-31 15:05:37
RET_000128,STU_202400128,2024-08-04 0:00:00,Warning Status,3.99,18,15,THEA,ADV_1073,25672.86,2025-08-01 14:28:37,198,10,13,96.2,0.72,0,54.3,85.6,FALSE,0,2025-08-01 0:12:37
RET_000129,STU_202400129,2024-08-14 0:00:00,Dean's List,1.9,18,12,MATH,ADV_1066,0,2025-07-27 14:28:37,85,17,27,49,0.48,0,62.8,32,TRUE,2,2025-07-31 21:40:37
RET_000130,STU_202400130,2024-08-01 0:00:00,Satisfactory Progress,1.99,14,10,MATH,ADV_1018,0,2025-07-30 14:28:37,252,9,16,81.2,0.96,8,51,81.6,TRUE,6,2025-08-01 7:07:37
RET_000131,STU_202400131,2024-08-13 0:00:00,Dean's List,3.05,15,12,BUSN,ADV_1079,33955.78,2025-07-29 14:28:37,168,18,12,83.2,0.69,0,81.6,33.3,TRUE,7,2025-08-01 10:02:37
RET_000132,STU_202400132,2024-08-06 0:00:00,Honor Roll,3.69,19,14,SOCI,ADV_1077,14611.95,2025-07-30 14:28:37,257,11,27,65.3,0.97,4,56.8,67.8,FALSE,0,2025-07-31 22:25:37
RET_000133,STU_202400133,2024-08-07 0:00:00,Conditional Standing,3.53,14,13,PHIL,ADV_1130,27944.88,2025-07-28 14:28:37,65,10,35,66.8,0.53,4,73,58,FALSE,3,2025-08-01 1:33:37
RET_000134,STU_202400134,2024-08-05 0:00:00,Satisfactory Progress,2.8,19,15,NURS,ADV_1141,34392.11,2025-07-27 14:28:37,149,9,14,59.6,0.37,0,84.5,66.9,FALSE,1,2025-08-01 5:54:37
RET_000135,STU_202400135,2024-08-02 0:00:00,Good Standing,2.73,14,11,PSYC,ADV_1083,28337.75,2025-07-17 14:28:37,29,7,11,73.2,0.91,0,43.8,20.9,FALSE,0,2025-08-01 1:26:37
RET_000136,STU_202400136,2024-08-04 0:00:00,Conditional Standing,3.8,12,8,PSYC,ADV_1002,33445.84,2025-07-25 14:28:37,62,14,18,74.5,0.73,0,54.2,74.8,TRUE,3,2025-07-31 15:01:37
RET_000137,STU_202400137,2024-08-15 0:00:00,Academic Suspension,3.1,16,12,THEA,ADV_1030,8226.76,2025-07-19 14:28:37,25,10,22,88.1,0.77,7,47,60.4,TRUE,6,2025-08-01 0:16:37
RET_000138,STU_202400138,2024-08-10 0:00:00,Probationary Status,3.09,14,12,COMM,ADV_1086,0,2025-07-26 14:28:37,111,13,16,45.5,0.66,1,52.7,76.2,FALSE,1,2025-07-31 19:53:37
RET_000139,STU_202400139,2024-08-15 0:00:00,Probationary Status,3.14,14,11,SOCI,ADV_1088,2322.34,2025-07-30 14:28:37,186,17,17,47.8,0.81,0,88.1,41.7,FALSE,3,2025-08-01 6:43:37
RET_000140,STU_202400140,2024-08-12 0:00:00,Conditional Standing,1.78,13,9,RELI,ADV_1102,6646.12,2025-07-02 14:28:37,20,23,29,54.8,0.99,0,65.2,28.7,FALSE,2,2025-08-01 5:31:37
RET_000141,STU_202400141,2024-08-06 0:00:00,Distinguished Standing,2.62,18,16,GEOG,ADV_1146,18902.99,2025-07-28 14:28:37,85,16,14,61.3,0.9,0,57.6,37.9,FALSE,3,2025-08-01 4:29:37
RET_000142,STU_202400142,2024-08-04 0:00:00,Academic Warning,4,18,14,HIST,ADV_1008,30341.9,2025-07-11 14:28:37,25,16,5,49.1,0.47,5,50.7,85.3,FALSE,3,2025-07-31 20:56:37
RET_000143,STU_202400143,2024-08-11 0:00:00,Satisfactory Progress,3.1,19,15,PHIL,ADV_1045,0,2025-08-01 14:28:37,171,15,31,88.2,0.31,0,36.5,17.5,FALSE,2,2025-08-01 7:53:37
RET_000144,STU_202400144,2024-08-08 0:00:00,Academic Warning,2.78,12,10,BUSN,ADV_1050,0,2025-07-03 14:28:37,37,13,31,72.6,1,0,80.7,78.5,TRUE,3,2025-08-01 5:17:37
RET_000145,STU_202400145,2024-08-07 0:00:00,Warning Status,3.19,17,16,PHIL,ADV_1085,34152.47,2025-07-02 14:28:37,12,8,12,93.7,0.82,0,62.9,79.7,TRUE,6,2025-08-01 3:37:37
RET_000146,STU_202400146,2024-08-15 0:00:00,Excellent Standing,3.58,17,15,EDUC,ADV_1087,8376.05,2025-07-27 14:28:37,81,11,28,96.6,0.77,2,68.3,79.4,FALSE,2,2025-08-01 7:04:37
RET_000147,STU_202400147,2024-08-15 0:00:00,Good Standing,3.75,20,15,BUSN,ADV_1123,16120.95,2025-07-08 14:28:37,19,7,23,89.9,0.66,0,80.5,72.3,FALSE,2,2025-07-31 17:34:37
RET_000148,STU_202400148,2024-08-11 0:00:00,Conditional Standing,3.76,12,10,MATH,ADV_1122,11307.53,2025-07-11 14:28:37,36,10,23,96.9,0.54,0,51.4,86.6,FALSE,3,2025-08-01 5:03:37
RET_000149,STU_202400149,2024-08-08 0:00:00,Warning Status,3.81,15,11,ACCT,ADV_1010,2158.48,2025-07-31 14:28:37,224,14,18,59.2,0.3,0,77.4,75,FALSE,2,2025-08-01 9:54:37
RET_000150,STU_202400150,2024-08-03 0:00:00,Warning Status,2.66,17,13,GEOG,ADV_1035,7792.49,2025-07-26 14:28:37,77,17,32,89.2,0.32,0,44.8,21.9,FALSE,2,2025-08-01 13:07:37
RET_000151,STU_202400151,2024-08-05 0:00:00,Probationary Status,3.95,13,10,RELI,ADV_1124,13541.46,2025-07-25 14:28:37,57,8,29,62.6,0.55,0,92.4,28.7,TRUE,3,2025-08-01 4:25:37
RET_000152,STU_202400152,2024-08-03 0:00:00,Good Standing,2.83,16,12,ENGR,ADV_1040,7752.56,2025-07-30 14:28:37,252,8,6,68,0.44,0,87.1,76.6,TRUE,2,2025-07-31 23:36:37
RET_000153,STU_202400153,2024-08-04 0:00:00,Academic Probation,3.81,12,9,COMM,ADV_1118,0,2025-07-30 14:28:37,255,13,0,53.3,0.76,0,57.1,67.9,FALSE,3,2025-07-31 23:29:37
RET_000154,STU_202400154,2024-08-12 0:00:00,Probationary Status,3.62,16,13,ARTS,ADV_1138,29572.11,2025-07-26 14:28:37,97,12,27,92.7,0.68,0,78.2,21.7,FALSE,0,2025-08-01 5:43:37
RET_000155,STU_202400155,2024-08-09 0:00:00,Conditional Standing,3.89,20,17,JOUR,ADV_1086,26958.71,2025-07-25 14:28:37,134,10,8,63.9,0.6,0,72.7,72.1,TRUE,1,2025-08-01 13:03:37
RET_000156,STU_202400156,2024-08-09 0:00:00,Academic Warning,3.11,17,14,COMM,ADV_1119,0,2025-07-29 14:28:37,178,11,2,52.2,0.59,0,58.7,54.9,FALSE,0,2025-08-01 3:00:37
RET_000157,STU_202400157,2024-08-05 0:00:00,Satisfactory Progress,3.19,14,11,EDUC,ADV_1106,25506.02,2025-08-01 14:28:37,191,16,30,96.3,0.99,0,85.2,81.8,TRUE,5,2025-07-31 19:07:37
RET_000158,STU_202400158,2024-08-12 0:00:00,Academic Warning,2.88,19,15,MATH,ADV_1015,26813.58,2025-07-25 14:28:37,120,20,8,62.4,0.84,0,52,51.4,FALSE,1,2025-08-01 3:23:37
RET_000159,STU_202400159,2024-08-10 0:00:00,Good Standing,3.04,15,11,HIST,ADV_1134,10304.48,2025-07-08 14:28:37,29,7,6,87.4,0.39,0,69.1,89.2,FALSE,1,2025-08-01 3:03:37
RET_000160,STU_202400160,2024-08-07 0:00:00,Honor Roll,2.93,18,12,MKTG,ADV_1077,8007.56,2025-08-01 14:28:37,346,17,3,81.3,0.54,1,64.8,68.7,TRUE,4,2025-08-01 9:15:37
RET_000161,STU_202400161,2024-08-15 0:00:00,Conditional Standing,3.86,15,13,HIST,ADV_1145,18985.15,2025-07-24 14:28:37,32,12,18,71,0.83,1,66.4,19.8,TRUE,2,2025-07-31 20:17:37
RET_000162,STU_202400162,2024-08-10 0:00:00,Academic Suspension,2.58,14,10,PHIL,ADV_1081,8377.61,2025-07-30 14:28:37,336,11,15,60,0.38,2,93.3,67.4,FALSE,2,2025-07-31 14:36:37
RET_000163,STU_202400163,2024-08-07 0:00:00,Dean's List,2.96,12,10,NURS,ADV_1143,9607.71,2025-07-29 14:28:37,320,11,30,82.8,0.87,0,59.8,95.4,TRUE,1,2025-08-01 13:50:37
RET_000164,STU_202400164,2024-08-06 0:00:00,Satisfactory Progress,3.32,14,10,THEA,ADV_1138,19490.4,2025-07-30 14:28:37,198,13,14,51.4,0.58,7,38.7,17.1,TRUE,8,2025-08-01 12:54:37
RET_000165,STU_202400165,2024-08-04 0:00:00,Academic Suspension,3.97,12,9,COMP,ADV_1005,5902.2,2025-07-29 14:28:37,387,12,1,78,0.36,0,82.4,27.4,TRUE,4,2025-08-01 3:31:37
RET_000166,STU_202400166,2024-08-03 0:00:00,Academic Suspension,2.84,16,14,COMM,ADV_1054,17483.54,2025-07-26 14:28:37,117,18,14,56.9,0.6,0,67.9,44.3,FALSE,3,2025-07-31 14:08:37
RET_000167,STU_202400167,2024-08-09 0:00:00,Conditional Standing,2.7,12,10,HIST,ADV_1148,4331.84,2025-07-26 14:28:37,132,10,7,59.4,0.5,0,47.4,46.5,FALSE,1,2025-08-01 11:26:37
RET_000168,STU_202400168,2024-08-08 0:00:00,Honor Roll,3.14,12,10,PHIL,ADV_1085,15568.85,2025-07-26 14:28:37,81,8,11,47.2,0.34,0,80.8,24.6,FALSE,2,2025-07-31 22:48:37
RET_000169,STU_202400169,2024-08-02 0:00:00,Conditional Standing,2.53,12,8,ANTH,ADV_1091,14618.13,2025-07-29 14:28:37,223,12,6,68.1,0.48,1,73.7,90.9,TRUE,7,2025-07-31 16:09:37
RET_000170,STU_202400170,2024-08-13 0:00:00,Honor Roll,3.25,13,10,ARTS,ADV_1017,8246.32,2025-07-27 14:28:37,88,7,0,81.5,0.84,0,38.1,68.6,FALSE,3,2025-07-31 15:27:37
RET_000171,STU_202400171,2024-08-01 0:00:00,Academic Probation,3.05,18,13,ENGR,ADV_1039,10916.87,2025-07-27 14:28:37,144,19,33,77.4,0.47,1,37.5,77.5,TRUE,4,2025-07-31 16:50:37
RET_000172,STU_202400172,2024-08-14 0:00:00,Satisfactory Progress,2.69,16,13,COMP,ADV_1072,22464.04,2025-07-26 14:28:37,61,8,7,47.2,0.98,4,65,36.6,FALSE,3,2025-08-01 10:32:37
RET_000173,STU_202400173,2024-08-02 0:00:00,Good Standing,2.32,14,10,PHIL,ADV_1008,5373.98,2025-07-18 14:28:37,17,22,6,49,0.68,0,80.4,22.1,FALSE,2,2025-08-01 7:22:37
RET_000174,STU_202400174,2024-08-03 0:00:00,Distinguished Standing,3.2,12,9,COMP,ADV_1087,7993.57,2025-07-25 14:28:37,147,15,9,47.3,0.43,0,36.2,82.5,FALSE,1,2025-08-01 12:22:37
RET_000175,STU_202400175,2024-08-11 0:00:00,Excellent Standing,2.71,13,11,FINC,ADV_1097,2687.55,2025-07-28 14:28:37,147,14,23,69,0.8,8,77.9,64.8,FALSE,1,2025-07-31 23:39:37
RET_000176,STU_202400176,2024-08-03 0:00:00,Good Standing,3.53,16,14,ENGR,ADV_1137,34103.13,2025-07-22 14:28:37,35,16,32,87.3,0.42,0,39.1,62.8,FALSE,1,2025-07-31 22:04:37
RET_000177,STU_202400177,2024-08-13 0:00:00,Academic Suspension,2.98,14,11,EDUC,ADV_1043,0,2025-07-30 14:28:37,224,15,3,87.5,0.79,0,37.2,54.6,FALSE,2,2025-08-01 10:50:37
RET_000178,STU_202400178,2024-08-11 0:00:00,Dean's List,3.15,13,11,ACCT,ADV_1147,16536.53,2025-07-26 14:28:37,113,12,10,68.4,0.66,0,64.5,55.8,TRUE,2,2025-07-31 17:27:37
RET_000179,STU_202400179,2024-08-07 0:00:00,Probationary Status,2.82,13,10,GEOG,ADV_1100,0,2025-07-26 14:28:37,101,17,13,54.8,0.41,0,39.8,90.6,FALSE,1,2025-08-01 10:07:37
RET_000180,STU_202400180,2024-08-10 0:00:00,Academic Probation,3.1,13,11,EDUC,ADV_1048,26975.25,2025-08-01 14:28:37,375,16,32,82.9,0.67,4,58.8,21.4,FALSE,0,2025-08-01 4:43:37
RET_000181,STU_202400181,2024-08-02 0:00:00,Probationary Status,3.36,15,14,MGMT,ADV_1030,0,2025-07-29 14:28:37,225,15,7,54.2,0.33,0,35.4,29.6,FALSE,1,2025-07-31 23:45:37
RET_000182,STU_202400182,2024-08-07 0:00:00,Good Standing,3.75,20,19,BUSN,ADV_1079,12984.93,2025-08-01 14:28:37,313,10,8,59.5,0.85,0,72.4,78.3,FALSE,1,2025-08-01 2:25:37
RET_000183,STU_202400183,2024-08-07 0:00:00,Good Standing,2.22,17,15,COMP,ADV_1081,11073.58,2025-07-29 14:28:37,360,15,7,45.1,0.54,0,57.5,56.6,TRUE,3,2025-07-31 16:44:37
RET_000184,STU_202400184,2024-08-10 0:00:00,Dean's List,1.54,16,11,ANTH,ADV_1009,22032.59,2025-07-27 14:28:37,91,14,16,83.6,0.59,0,85.1,80.4,FALSE,0,2025-08-01 9:18:37
RET_000185,STU_202400185,2024-08-08 0:00:00,Dean's List,3.68,20,16,SOCI,ADV_1070,0,2025-07-27 14:28:37,57,10,22,56.7,0.98,4,54.6,41.1,FALSE,0,2025-07-31 18:27:37
RET_000186,STU_202400186,2024-08-09 0:00:00,Good Standing,1.34,15,13,RELI,ADV_1106,0,2025-08-01 14:28:37,287,13,24,95.6,0.48,0,42.2,53.9,TRUE,1,2025-08-01 1:43:37
RET_000187,STU_202400187,2024-08-05 0:00:00,Warning Status,3.02,19,15,PHIL,ADV_1023,23239.89,2025-07-29 14:28:37,359,11,20,59.4,0.71,0,36.7,57.1,FALSE,1,2025-07-31 19:05:37
RET_000188,STU_202400188,2024-08-09 0:00:00,Academic Warning,2.82,12,8,PSYC,ADV_1128,4832.39,2025-07-26 14:28:37,69,11,27,64.7,0.93,0,74.1,53.8,FALSE,3,2025-08-01 7:08:37
RET_000189,STU_202400189,2024-08-14 0:00:00,Dean's List,3.92,13,12,NURS,ADV_1061,30902.13,2025-07-30 14:28:37,267,8,12,75.5,0.96,0,59.3,18.7,TRUE,8,2025-08-01 5:44:37
RET_000190,STU_202400190,2024-08-01 0:00:00,Academic Warning,3.74,19,14,ACCT,ADV_1096,34049.9,2025-07-28 14:28:37,52,9,11,88.7,0.78,0,37.5,19.1,TRUE,3,2025-08-01 11:45:37
RET_000191,STU_202400191,2024-08-11 0:00:00,Satisfactory Progress,3.14,13,12,PHIL,ADV_1116,29045.3,2025-07-30 14:28:37,168,11,29,93.6,0.98,4,47,69.9,FALSE,3,2025-08-01 9:28:37
RET_000192,STU_202400192,2024-08-12 0:00:00,Probationary Status,2.68,13,11,BUSN,ADV_1078,13908.41,2025-07-30 14:28:37,336,15,6,65.2,0.31,0,79.8,88.5,FALSE,0,2025-08-01 11:46:37
RET_000193,STU_202400193,2024-08-02 0:00:00,Academic Probation,3.66,13,12,ECON,ADV_1056,0,2025-08-01 14:28:37,183,8,17,52.6,0.74,7,84.1,46.4,FALSE,1,2025-08-01 10:17:37
RET_000194,STU_202400194,2024-08-11 0:00:00,Warning Status,3.23,15,12,ENGR,ADV_1135,0,2025-08-01 14:28:37,395,14,21,90.6,0.36,0,38.3,67.8,FALSE,2,2025-07-31 23:31:37
RET_000195,STU_202400195,2024-08-15 0:00:00,Dean's List,3.08,16,12,ARTS,ADV_1078,0,2025-07-25 14:28:37,70,12,30,53.3,0.34,0,69,22.4,FALSE,2,2025-08-01 3:38:37
RET_000196,STU_202400196,2024-08-09 0:00:00,Satisfactory Progress,3.52,12,8,ARTS,ADV_1045,17780.28,2025-07-31 14:28:37,155,7,34,60.9,0.66,7,36.4,75.1,TRUE,6,2025-07-31 20:06:37
RET_000197,STU_202400197,2024-08-13 0:00:00,Distinguished Standing,3.22,14,13,NURS,ADV_1029,25462.42,2025-07-30 14:28:37,150,7,14,67.9,0.4,0,84.8,37.8,FALSE,2,2025-08-01 13:28:37
RET_000198,STU_202400198,2024-08-05 0:00:00,Honor Roll,2.9,16,12,BIOL,ADV_1096,5960.9,2025-07-29 14:28:37,385,22,7,71.3,0.99,2,78.2,27.4,FALSE,3,2025-08-01 8:33:37
RET_000199,STU_202400199,2024-08-13 0:00:00,Academic Suspension,2.67,17,14,BUSN,ADV_1010,3673.29,2025-07-28 14:28:37,95,15,21,51.3,0.95,0,58.4,46.4,TRUE,1,2025-08-01 0:40:37
RET_000200,STU_202400200,2024-08-11 0:00:00,Academic Warning,3.22,13,9,CHEM,ADV_1052,21148.57,2025-07-23 14:28:37,43,8,27,73.4,0.72,6,68.6,25.2,TRUE,2,2025-07-31 15:30:37
RET_000201,STU_202400201,2024-08-06 0:00:00,Warning Status,2.88,12,8,POLI,ADV_1024,0,2025-07-30 14:28:37,378,19,18,63.6,0.37,0,94.2,49.3,FALSE,3,2025-08-01 13:23:37
RET_000202,STU_202400202,2024-08-02 0:00:00,Warning Status,3.59,14,12,ANTH,ADV_1114,11919.31,2025-07-03 14:28:37,28,19,4,87.2,0.9,1,88.1,81.2,FALSE,1,2025-08-01 4:21:37
RET_000203,STU_202400203,2024-08-05 0:00:00,Distinguished Standing,2.8,14,11,BIOL,ADV_1130,0,2025-07-04 14:28:37,14,10,24,68.9,0.86,3,91.8,57.5,FALSE,3,2025-08-01 4:15:37
RET_000204,STU_202400204,2024-08-07 0:00:00,Distinguished Standing,3.15,19,18,THEA,ADV_1007,0,2025-07-22 14:28:37,12,22,17,52.7,0.53,6,78.7,97.2,TRUE,3,2025-07-31 14:29:37
RET_000205,STU_202400205,2024-08-03 0:00:00,Academic Probation,2.9,16,15,ENGL,ADV_1124,4552.56,2025-07-26 14:28:37,95,15,27,70.7,0.98,2,47.9,45.7,FALSE,0,2025-08-01 8:30:37
RET_000206,STU_202400206,2024-08-08 0:00:00,Academic Warning,3.81,13,10,POLI,ADV_1129,0,2025-07-27 14:28:37,67,17,24,67.4,0.65,0,60.4,19.1,FALSE,1,2025-08-01 2:37:37
RET_000207,STU_202400207,2024-08-01 0:00:00,Honor Roll,3.9,17,12,BIOL,ADV_1040,24381.65,2025-07-29 14:28:37,248,15,26,73.2,0.84,2,74.2,40.7,TRUE,4,2025-07-31 17:45:37
RET_000208,STU_202400208,2024-08-12 0:00:00,Academic Probation,1.94,18,14,POLI,ADV_1049,5921.4,2025-07-29 14:28:37,329,9,23,45.2,1,0,37.1,29.1,TRUE,4,2025-07-31 16:51:37
RET_000209,STU_202400209,2024-08-15 0:00:00,Warning Status,3.17,19,14,SOCI,ADV_1088,0,2025-07-25 14:28:37,67,6,22,64.3,0.89,0,43.5,62.9,FALSE,1,2025-08-01 6:00:37
RET_000210,STU_202400210,2024-08-12 0:00:00,Good Standing,3.26,18,16,PSYC,ADV_1124,0,2025-07-30 14:28:37,225,10,35,97,0.94,0,90.9,75.6,FALSE,0,2025-07-31 17:32:37
RET_000211,STU_202400211,2024-08-05 0:00:00,Honor Roll,2.61,19,17,FINC,ADV_1135,0,2025-07-29 14:28:37,164,7,9,65.2,0.32,3,90.2,60.9,TRUE,3,2025-07-31 19:07:37
RET_000212,STU_202400212,2024-08-09 0:00:00,Warning Status,3.68,14,10,COMP,ADV_1080,19000.49,2025-07-13 14:28:37,8,16,4,70.5,0.72,3,87.8,18.3,TRUE,4,2025-08-01 13:00:37
RET_000213,STU_202400213,2024-08-13 0:00:00,Probationary Status,2.64,12,11,BIOL,ADV_1084,3892.24,2025-07-30 14:28:37,243,7,15,49.1,0.7,1,40.2,54,FALSE,1,2025-08-01 5:26:37
RET_000214,STU_202400214,2024-08-03 0:00:00,Conditional Standing,2.9,14,10,ACCT,ADV_1037,9536.77,2025-07-30 14:28:37,345,13,8,85,0.79,0,87.2,48.8,FALSE,3,2025-07-31 23:22:37
RET_000215,STU_202400215,2024-08-09 0:00:00,Conditional Standing,1.19,19,17,MGMT,ADV_1026,30616.04,2025-07-26 14:28:37,142,15,0,60.3,0.41,0,68.4,35,FALSE,0,2025-07-31 14:00:37
RET_000216,STU_202400216,2024-08-15 0:00:00,Distinguished Standing,2.75,19,14,JOUR,ADV_1133,16366.74,2025-07-23 14:28:37,43,14,10,45.6,0.88,0,77.2,65,FALSE,1,2025-07-31 16:16:37
RET_000217,STU_202400217,2024-08-02 0:00:00,Dean's List,2.67,18,16,MGMT,ADV_1034,25576.77,2025-07-25 14:28:37,120,16,32,61.4,0.46,0,78.9,66,FALSE,1,2025-08-01 9:59:37
RET_000218,STU_202400218,2024-08-14 0:00:00,Academic Probation,3.56,12,11,ECON,ADV_1053,18435.47,2025-07-16 14:28:37,10,15,8,84.8,0.58,0,38.9,53.2,TRUE,3,2025-07-31 18:53:37
RET_000219,STU_202400219,2024-08-11 0:00:00,Warning Status,3.61,14,11,PHIL,ADV_1010,11429.54,2025-07-26 14:28:37,73,18,4,88.7,0.63,0,36.8,44.5,TRUE,6,2025-08-01 12:29:37
RET_000220,STU_202400220,2024-08-05 0:00:00,Distinguished Standing,4,19,13,THEA,ADV_1118,32025.94,2025-07-26 14:28:37,98,6,23,79.6,0.44,0,84.8,97.9,FALSE,1,2025-08-01 2:43:37
RET_000221,STU_202400221,2024-08-14 0:00:00,Probationary Status,2.57,18,14,PHIL,ADV_1100,18702.52,2025-07-31 14:28:37,242,19,1,57.8,0.41,0,93.4,79.1,FALSE,1,2025-07-31 14:51:37
RET_000222,STU_202400222,2024-08-11 0:00:00,Dean's List,4,13,10,RELI,ADV_1134,12851.65,2025-07-29 14:28:37,302,10,12,74.5,0.75,0,37.6,79.6,TRUE,5,2025-07-31 17:05:37
RET_000223,STU_202400223,2024-08-09 0:00:00,Academic Probation,3.99,17,11,RELI,ADV_1030,8685.26,2025-07-28 14:28:37,60,10,30,47.4,0.52,0,81.2,94.1,TRUE,2,2025-07-31 18:27:37
RET_000224,STU_202400224,2024-08-10 0:00:00,Distinguished Standing,3.77,20,18,ENGL,ADV_1002,21285.61,2025-07-24 14:28:37,27,13,32,55.4,0.83,0,51.9,86.1,FALSE,3,2025-08-01 6:46:37
RET_000225,STU_202400225,2024-08-04 0:00:00,Honor Roll,2.64,15,14,MATH,ADV_1080,24916.32,2025-07-30 14:28:37,329,13,21,66.8,0.82,0,83.1,58.6,FALSE,3,2025-07-31 13:35:37
RET_000226,STU_202400226,2024-08-03 0:00:00,Probationary Status,3.59,17,14,CHEM,ADV_1012,11387.78,2025-07-30 14:28:37,156,21,30,76.4,0.9,0,51.3,25.4,TRUE,7,2025-08-01 12:25:37
RET_000227,STU_202400227,2024-08-06 0:00:00,Warning Status,3.39,13,10,ARTS,ADV_1023,0,2025-07-30 14:28:37,324,9,5,96,0.46,2,83.6,20,TRUE,1,2025-08-01 14:03:37
RET_000228,STU_202400228,2024-08-13 0:00:00,Academic Probation,2.94,15,12,ENGR,ADV_1086,7940.29,2025-07-30 14:28:37,346,14,33,98.1,0.73,2,68.5,81.6,FALSE,2,2025-08-01 4:45:37
RET_000229,STU_202400229,2024-08-03 0:00:00,Warning Status,2.92,18,13,ENGL,ADV_1120,31821.8,2025-07-27 14:28:37,107,11,18,64.3,0.9,8,85.9,92,FALSE,3,2025-07-31 19:15:37
RET_000230,STU_202400230,2024-08-09 0:00:00,Good Standing,3.3,20,19,ENGL,ADV_1012,0,2025-07-26 14:28:37,80,16,4,96.3,0.7,0,56.8,86.8,FALSE,0,2025-08-01 4:39:37
RET_000231,STU_202400231,2024-08-13 0:00:00,Academic Suspension,1.56,12,8,ECON,ADV_1027,23559.23,2025-07-21 14:28:37,5,10,35,91.4,0.86,0,62.4,36,TRUE,8,2025-07-31 15:28:37
RET_000232,STU_202400232,2024-08-15 0:00:00,Excellent Standing,2.87,14,11,ENGR,ADV_1134,31048.73,2025-07-09 14:28:37,11,13,10,95,0.41,0,44.8,58.9,FALSE,3,2025-08-01 7:44:37
RET_000233,STU_202400233,2024-08-09 0:00:00,Conditional Standing,2.61,19,18,RELI,ADV_1080,2166.22,2025-07-27 14:28:37,95,7,11,83,0.62,0,57.3,88.9,TRUE,3,2025-07-31 20:21:37
RET_000234,STU_202400234,2024-08-15 0:00:00,Probationary Status,2.92,14,10,SOCI,ADV_1006,22927.4,2025-07-16 14:28:37,33,14,7,97,0.64,0,43.7,91,FALSE,1,2025-08-01 14:11:37
RET_000235,STU_202400235,2024-08-01 0:00:00,Academic Suspension,3.25,19,15,SOCI,ADV_1148,17384.36,2025-07-28 14:28:37,101,21,8,68.6,0.66,4,69.8,76.3,TRUE,4,2025-08-01 3:20:37
RET_000236,STU_202400236,2024-08-10 0:00:00,Academic Probation,3.19,17,16,ECON,ADV_1080,34551.42,2025-07-27 14:28:37,97,16,26,72.1,0.48,0,94,36.7,FALSE,3,2025-08-01 12:32:37
RET_000237,STU_202400237,2024-08-06 0:00:00,Excellent Standing,1.7,12,10,MKTG,ADV_1054,18374.46,2025-07-03 14:28:37,7,10,15,82.4,0.69,2,75.5,75.9,FALSE,3,2025-08-01 8:01:37
RET_000238,STU_202400238,2024-08-08 0:00:00,Probationary Status,3.76,20,17,POLI,ADV_1083,4603.43,2025-07-31 14:28:37,224,10,25,90.7,0.46,0,92.7,94.9,FALSE,1,2025-08-01 12:56:37
RET_000239,STU_202400239,2024-08-01 0:00:00,Academic Suspension,3.34,18,17,PHYS,ADV_1052,5027.31,2025-07-03 14:28:37,10,15,29,79.4,0.93,0,50.2,68.4,FALSE,2,2025-07-31 18:44:37
RET_000240,STU_202400240,2024-08-02 0:00:00,Good Standing,3.76,13,10,RELI,ADV_1050,11942.62,2025-07-31 14:28:37,196,12,27,55.7,0.53,0,90.5,60.4,TRUE,4,2025-07-31 14:10:37
RET_000241,STU_202400241,2024-08-15 0:00:00,Conditional Standing,2.68,19,13,NURS,ADV_1074,30126.06,2025-07-25 14:28:37,77,9,17,69.3,0.68,0,62,54.3,TRUE,1,2025-08-01 12:24:37
RET_000242,STU_202400242,2024-08-06 0:00:00,Satisfactory Progress,3.06,19,15,RELI,ADV_1071,22121.95,2025-07-20 14:28:37,45,12,2,97.8,0.84,0,75.8,88.1,FALSE,0,2025-07-31 21:09:37
RET_000243,STU_202400243,2024-08-15 0:00:00,Academic Probation,3.08,13,12,PSYC,ADV_1137,34750.46,2025-07-27 14:28:37,105,11,3,56.3,0.32,8,43.7,35.7,TRUE,6,2025-07-31 17:49:37
RET_000244,STU_202400244,2024-08-14 0:00:00,Conditional Standing,2.65,12,8,BUSN,ADV_1082,7910.25,2025-07-26 14:28:37,84,17,11,49.5,0.35,0,73,31.1,FALSE,0,2025-08-01 11:14:37
RET_000245,STU_202400245,2024-08-13 0:00:00,Academic Suspension,3.67,18,12,PHYS,ADV_1113,0,2025-07-28 14:28:37,141,21,26,73.1,0.77,7,43.4,74.6,FALSE,1,2025-07-31 18:07:37
RET_000246,STU_202400246,2024-08-05 0:00:00,Probationary Status,3.28,20,14,BUSN,ADV_1031,14251.24,2025-08-01 14:28:37,173,13,19,53.8,0.54,2,39.9,30.6,TRUE,1,2025-07-31 18:49:37
RET_000247,STU_202400247,2024-08-04 0:00:00,Satisfactory Progress,2.33,13,12,COMP,ADV_1070,0,2025-07-25 14:28:37,118,17,27,64,0.79,0,41.7,68.8,TRUE,8,2025-08-01 8:54:37
RET_000248,STU_202400248,2024-08-01 0:00:00,Distinguished Standing,2.69,16,15,MKTG,ADV_1039,24962.7,2025-08-01 14:28:37,293,15,4,83.7,0.7,0,37.5,48.2,FALSE,3,2025-08-01 3:06:37
RET_000249,STU_202400249,2024-08-04 0:00:00,Academic Warning,3.52,20,15,MUSC,ADV_1041,0,2025-07-27 14:28:37,51,13,9,71.7,0.52,0,35.2,35.1,FALSE,3,2025-07-31 13:40:37
RET_000250,STU_202400250,2024-08-15 0:00:00,Conditional Standing,3.08,19,18,HIST,ADV_1071,0,2025-07-26 14:28:37,83,20,0,97.9,0.96,4,79.4,70.9,TRUE,4,2025-08-01 6:30:37
RET_000251,STU_202400251,2024-08-10 0:00:00,Academic Warning,3.23,17,16,MUSC,ADV_1030,5935.78,2025-07-04 14:28:37,33,13,2,56.7,0.99,0,82.3,26.7,FALSE,2,2025-08-01 2:45:37
RET_000252,STU_202400252,2024-08-02 0:00:00,Distinguished Standing,3.12,15,14,MGMT,ADV_1004,28221.61,2025-07-30 14:28:37,303,11,22,56.2,0.43,0,54.5,48.2,FALSE,2,2025-07-31 20:07:37
RET_000253,STU_202400253,2024-08-02 0:00:00,Excellent Standing,2.92,17,14,JOUR,ADV_1144,8058.28,2025-08-01 14:28:37,244,8,19,93,0.65,6,66.4,71.3,TRUE,7,2025-08-01 10:26:37
RET_000254,STU_202400254,2024-08-12 0:00:00,Probationary Status,3.28,19,17,JOUR,ADV_1132,8562.33,2025-07-02 14:28:37,36,24,26,67,0.55,2,80,75.3,FALSE,0,2025-08-01 3:04:37
RET_000255,STU_202400255,2024-08-08 0:00:00,Honor Roll,3.67,17,15,RELI,ADV_1027,25810.58,2025-07-27 14:28:37,64,13,27,65,0.69,0,94.3,58.3,TRUE,5,2025-08-01 12:26:37
RET_000256,STU_202400256,2024-08-14 0:00:00,Warning Status,3.76,13,9,MGMT,ADV_1053,0,2025-07-26 14:28:37,98,17,27,78.9,0.79,0,73.6,68.6,FALSE,1,2025-08-01 13:02:37
RET_000257,STU_202400257,2024-08-02 0:00:00,Excellent Standing,1.34,15,10,MATH,ADV_1139,32602.51,2025-07-21 14:28:37,10,7,1,78,0.59,0,76.6,70.4,FALSE,0,2025-07-31 22:52:37
RET_000258,STU_202400258,2024-08-13 0:00:00,Satisfactory Progress,1.63,17,16,ANTH,ADV_1090,0,2025-07-31 14:28:37,312,16,2,80.7,0.9,7,83,40.5,FALSE,2,2025-07-31 20:28:37
RET_000259,STU_202400259,2024-08-09 0:00:00,Satisfactory Progress,1.07,16,13,GEOG,ADV_1141,23851.12,2025-07-25 14:28:37,120,9,12,90.8,0.97,0,90,39.7,TRUE,2,2025-07-31 18:27:37
RET_000260,STU_202400260,2024-08-13 0:00:00,Conditional Standing,3.71,17,15,POLI,ADV_1082,0,2025-07-25 14:28:37,102,22,0,95.3,0.85,0,53.4,16.7,TRUE,3,2025-08-01 1:52:37
RET_000261,STU_202400261,2024-08-03 0:00:00,Distinguished Standing,3.91,12,11,CHEM,ADV_1070,0,2025-07-28 14:28:37,134,11,26,81,0.3,4,67.5,88,FALSE,0,2025-08-01 0:30:37
RET_000262,STU_202400262,2024-08-03 0:00:00,Warning Status,3.59,19,14,BUSN,ADV_1037,32694,2025-07-23 14:28:37,5,8,23,90,0.66,0,83.9,77.8,TRUE,3,2025-07-31 21:25:37
RET_000263,STU_202400263,2024-08-11 0:00:00,Honor Roll,3.73,18,13,MKTG,ADV_1073,0,2025-07-27 14:28:37,92,15,27,57.9,0.98,0,36.9,25.8,FALSE,1,2025-08-01 11:54:37
RET_000264,STU_202400264,2024-08-08 0:00:00,Academic Suspension,2.58,15,11,RELI,ADV_1147,7058.05,2025-07-26 14:28:37,56,22,8,95.3,0.57,0,46.1,74.9,FALSE,2,2025-08-01 1:43:37
RET_000265,STU_202400265,2024-08-09 0:00:00,Dean's List,2.72,18,13,NURS,ADV_1063,24811.07,2025-07-26 14:28:37,90,11,27,57.4,0.8,2,62.2,85.1,FALSE,0,2025-07-31 23:58:37
RET_000266,STU_202400266,2024-08-03 0:00:00,Academic Probation,2.75,15,13,PHYS,ADV_1044,24396.37,2025-07-31 14:28:37,311,21,16,89.8,0.41,0,91.7,50.8,TRUE,8,2025-08-01 6:26:37
RET_000267,STU_202400267,2024-08-05 0:00:00,Honor Roll,3.84,13,12,ACCT,ADV_1019,2724.58,2025-07-31 14:28:37,173,12,0,78.6,0.72,0,35.6,23.6,TRUE,4,2025-07-31 13:44:37
RET_000268,STU_202400268,2024-08-09 0:00:00,Satisfactory Progress,2.6,12,11,CHEM,ADV_1080,22555.95,2025-07-31 14:28:37,296,8,8,97.6,0.74,0,55.6,94.7,TRUE,4,2025-08-01 6:58:37
RET_000269,STU_202400269,2024-08-14 0:00:00,Dean's List,1.37,13,12,ACCT,ADV_1087,20688.75,2025-07-30 14:28:37,211,17,19,55.4,0.89,0,53.2,35.9,FALSE,3,2025-07-31 22:11:37
RET_000270,STU_202400270,2024-08-10 0:00:00,Satisfactory Progress,2.54,19,15,COMP,ADV_1139,0,2025-07-26 14:28:37,148,17,3,59.7,0.95,0,90.2,53.3,FALSE,0,2025-07-31 15:45:37
RET_000271,STU_202400271,2024-08-07 0:00:00,Warning Status,1.79,20,14,ENGR,ADV_1114,6763.33,2025-07-31 14:28:37,178,22,7,50.7,0.5,0,70.6,18.4,TRUE,8,2025-08-01 9:43:37
RET_000272,STU_202400272,2024-08-04 0:00:00,Warning Status,2.85,19,13,MGMT,ADV_1013,30303.88,2025-07-22 14:28:37,9,21,23,93.8,0.45,0,93.6,47.4,TRUE,2,2025-08-01 7:46:37
RET_000273,STU_202400273,2024-08-15 0:00:00,Probationary Status,3.24,12,10,EDUC,ADV_1034,7565.93,2025-08-01 14:28:37,255,13,4,56.3,0.59,0,56.1,93.5,TRUE,1,2025-08-01 7:52:37
RET_000274,STU_202400274,2024-08-09 0:00:00,Conditional Standing,3.56,18,17,EDUC,ADV_1008,2733.84,2025-07-04 14:28:37,33,8,19,45.5,0.43,0,63.4,67.4,FALSE,1,2025-08-01 5:09:37
RET_000275,STU_202400275,2024-08-13 0:00:00,Academic Suspension,1.52,19,18,FINC,ADV_1121,0,2025-08-01 14:28:37,180,13,30,98.2,0.72,3,60.4,28,TRUE,3,2025-07-31 19:44:37
RET_000276,STU_202400276,2024-08-12 0:00:00,Good Standing,2.83,14,12,MATH,ADV_1013,0,2025-07-28 14:28:37,65,16,1,73.7,0.66,0,87.8,93.5,TRUE,8,2025-08-01 2:33:37
RET_000277,STU_202400277,2024-08-12 0:00:00,Satisfactory Progress,1.84,14,12,FINC,ADV_1028,10943.89,2025-07-29 14:28:37,371,9,13,46.6,0.4,3,57.8,46,FALSE,1,2025-08-01 7:27:37
RET_000278,STU_202400278,2024-08-04 0:00:00,Academic Suspension,2.54,14,10,ACCT,ADV_1099,4207.13,2025-07-30 14:28:37,218,14,12,96,0.54,3,63.5,39.1,TRUE,2,2025-08-01 14:03:37
RET_000279,STU_202400279,2024-08-12 0:00:00,Academic Warning,3.76,17,14,SOCI,ADV_1014,10550.98,2025-07-28 14:28:37,109,14,32,95.6,0.95,0,40,87.5,TRUE,7,2025-07-31 22:59:37
RET_000280,STU_202400280,2024-08-05 0:00:00,Satisfactory Progress,2.25,18,14,BUSN,ADV_1023,23423.45,2025-07-29 14:28:37,325,13,6,76.2,0.84,3,62.3,30.5,FALSE,1,2025-08-01 1:40:37
RET_000281,STU_202400281,2024-08-07 0:00:00,Dean's List,2.3,15,11,GEOG,ADV_1110,0,2025-07-29 14:28:37,394,14,28,67.7,0.82,2,37.1,80.5,FALSE,0,2025-08-01 9:07:37
RET_000282,STU_202400282,2024-08-11 0:00:00,Academic Suspension,3.05,17,16,FINC,ADV_1101,6114.69,2025-07-31 14:28:37,305,14,12,75.3,0.56,0,81.6,74.9,TRUE,1,2025-08-01 4:28:37
RET_000283,STU_202400283,2024-08-11 0:00:00,Honor Roll,2.96,19,17,ANTH,ADV_1046,3270.43,2025-07-31 14:28:37,265,6,32,58.5,0.59,2,40.7,45.6,FALSE,2,2025-08-01 8:18:37
RET_000284,STU_202400284,2024-08-06 0:00:00,Academic Suspension,3.01,14,11,BIOL,ADV_1115,19118.17,2025-07-27 14:28:37,100,7,11,88.3,0.6,0,70.6,60.1,FALSE,3,2025-07-31 18:06:37
RET_000285,STU_202400285,2024-08-08 0:00:00,Honor Roll,2.8,20,15,GEOG,ADV_1092,28347.75,2025-07-29 14:28:37,168,17,23,64.9,0.85,0,36.7,30.5,FALSE,1,2025-08-01 14:24:37
RET_000286,STU_202400286,2024-08-15 0:00:00,Warning Status,1.58,20,19,ACCT,ADV_1080,0,2025-07-27 14:28:37,138,11,13,69.9,0.86,0,39.1,30.9,FALSE,1,2025-07-31 23:15:37
RET_000287,STU_202400287,2024-08-09 0:00:00,Distinguished Standing,3.94,20,17,GEOG,ADV_1086,19035.17,2025-07-07 14:28:37,9,12,13,73.2,0.37,0,51.5,86.8,TRUE,4,2025-08-01 2:08:37
RET_000288,STU_202400288,2024-08-08 0:00:00,Honor Roll,2.74,15,11,NURS,ADV_1051,16506.42,2025-07-31 14:28:37,296,23,27,62,0.52,0,83.1,75.5,FALSE,2,2025-08-01 6:20:37
RET_000289,STU_202400289,2024-08-02 0:00:00,Excellent Standing,3.79,16,14,CHEM,ADV_1137,5447.02,2025-07-25 14:28:37,113,10,26,51.4,0.62,0,78.5,70.5,TRUE,1,2025-08-01 2:17:37
RET_000290,STU_202400290,2024-08-04 0:00:00,Good Standing,2.93,14,13,POLI,ADV_1021,31092.06,2025-07-26 14:28:37,80,9,18,46,0.85,0,42.1,54,FALSE,3,2025-08-01 5:22:37
RET_000291,STU_202400291,2024-08-04 0:00:00,Excellent Standing,3.89,14,11,THEA,ADV_1120,29354.14,2025-08-01 14:28:37,383,12,8,90,0.58,0,45.4,40.5,FALSE,2,2025-07-31 23:54:37
RET_000292,STU_202400292,2024-08-02 0:00:00,Dean's List,3.62,17,15,CHEM,ADV_1146,20467.3,2025-07-08 14:28:37,7,18,1,48.7,0.37,0,86.2,80.7,FALSE,0,2025-08-01 6:17:37
RET_000293,STU_202400293,2024-08-06 0:00:00,Academic Probation,3.6,17,14,COMP,ADV_1034,23542.12,2025-07-28 14:28:37,85,20,22,66.4,0.69,0,71.1,86.6,TRUE,5,2025-07-31 20:25:37
RET_000294,STU_202400294,2024-08-01 0:00:00,Dean's List,2.87,18,16,PHIL,ADV_1024,12708.61,2025-08-01 14:28:37,250,18,29,71.4,0.75,0,76.2,57.6,TRUE,2,2025-07-31 18:17:37
RET_000295,STU_202400295,2024-08-10 0:00:00,Distinguished Standing,3.05,20,15,RELI,ADV_1120,10624.94,2025-07-13 14:28:37,44,6,14,47.6,0.31,2,64.2,94.7,TRUE,7,2025-07-31 16:52:37
RET_000296,STU_202400296,2024-08-09 0:00:00,Conditional Standing,3.86,18,16,ENGL,ADV_1025,5266.44,2025-07-27 14:28:37,138,11,10,49.7,0.81,0,81.5,59,FALSE,1,2025-07-31 15:39:37
RET_000297,STU_202400297,2024-08-04 0:00:00,Satisfactory Progress,3,20,14,COMP,ADV_1117,25951.25,2025-08-01 14:28:37,389,10,2,50.9,0.96,6,37.6,91.1,FALSE,0,2025-08-01 10:14:37
RET_000298,STU_202400298,2024-08-10 0:00:00,Excellent Standing,2.84,18,13,THEA,ADV_1080,25324.48,2025-07-27 14:28:37,138,21,17,82.4,0.95,0,55.4,16.9,FALSE,2,2025-08-01 7:09:37
RET_000299,STU_202400299,2024-08-04 0:00:00,Dean's List,2.98,12,9,JOUR,ADV_1120,0,2025-07-31 14:28:37,182,10,26,79.1,0.77,0,85.7,33.7,FALSE,1,2025-08-01 3:34:37
RET_000300,STU_202400300,2024-08-01 0:00:00,Distinguished Standing,3.93,14,13,SOCI,ADV_1121,31478.16,2025-07-29 14:28:37,297,18,31,97.2,0.53,0,61.7,24,FALSE,3,2025-08-01 11:24:37
RET_000301,STU_202400301,2024-08-02 0:00:00,Satisfactory Progress,3.63,16,11,ENGL,ADV_1060,10293.04,2025-07-29 14:28:37,173,19,18,83.1,0.55,3,44.9,35,TRUE,4,2025-08-01 13:41:37
RET_000302,STU_202400302,2024-08-12 0:00:00,Probationary Status,3.64,12,10,CHEM,ADV_1058,33136.72,2025-07-29 14:28:37,318,16,4,49,0.65,0,93.7,72.9,FALSE,2,2025-08-01 12:52:37
RET_000303,STU_202400303,2024-08-11 0:00:00,Distinguished Standing,3.99,16,12,COMM,ADV_1037,16197.63,2025-07-29 14:28:37,269,11,31,50.6,0.45,0,36.4,58.1,FALSE,2,2025-08-01 12:47:37
RET_000304,STU_202400304,2024-08-01 0:00:00,Satisfactory Progress,3.85,20,14,BUSN,ADV_1067,0,2025-07-27 14:28:37,147,18,29,80.1,0.89,0,82.7,83.9,FALSE,0,2025-08-01 0:35:37
RET_000305,STU_202400305,2024-08-04 0:00:00,Satisfactory Progress,3,19,13,NURS,ADV_1094,11703.64,2025-07-30 14:28:37,206,14,28,91.4,0.66,0,77.5,37.9,FALSE,0,2025-07-31 17:26:37
RET_000306,STU_202400306,2024-08-02 0:00:00,Good Standing,3.64,20,19,ARTS,ADV_1101,23205.21,2025-07-29 14:28:37,167,13,10,81.7,0.97,7,41.4,75.2,FALSE,1,2025-08-01 3:13:37
RET_000307,STU_202400307,2024-08-15 0:00:00,Academic Probation,3.31,20,16,ACCT,ADV_1047,27678.55,2025-07-31 14:28:37,187,22,6,84.9,0.47,0,51.7,26.1,FALSE,2,2025-08-01 13:48:37
RET_000308,STU_202400308,2024-08-01 0:00:00,Honor Roll,3.2,20,18,ANTH,ADV_1085,5731.58,2025-07-19 14:28:37,22,13,33,69.2,0.49,0,60.3,65.6,TRUE,8,2025-07-31 13:54:37
RET_000309,STU_202400309,2024-08-14 0:00:00,Dean's List,1.06,16,14,RELI,ADV_1084,0,2025-07-22 14:28:37,27,11,9,66.2,0.6,0,50.8,72.9,FALSE,0,2025-07-31 20:30:37
RET_000310,STU_202400310,2024-08-06 0:00:00,Conditional Standing,3.33,12,11,THEA,ADV_1117,5100.28,2025-07-25 14:28:37,84,9,3,79.7,0.81,6,65.4,70.9,TRUE,8,2025-08-01 0:56:37
RET_000311,STU_202400311,2024-08-02 0:00:00,Distinguished Standing,3.61,18,14,PHYS,ADV_1125,0,2025-07-28 14:28:37,74,10,17,73.3,0.65,0,90.7,43.2,TRUE,5,2025-08-01 6:13:37
RET_000312,STU_202400312,2024-08-09 0:00:00,Dean's List,3.01,17,16,SOCI,ADV_1008,0,2025-08-01 14:28:37,315,8,14,51.2,0.93,0,36.4,39,TRUE,6,2025-08-01 14:19:37
RET_000313,STU_202400313,2024-08-04 0:00:00,Honor Roll,3.17,12,8,EDUC,ADV_1017,8309.97,2025-07-29 14:28:37,166,10,17,57.1,0.73,0,46.2,68,FALSE,2,2025-08-01 11:23:37
RET_000314,STU_202400314,2024-08-05 0:00:00,Probationary Status,3.31,16,12,POLI,ADV_1122,13773.52,2025-07-26 14:28:37,100,9,17,71.5,0.42,0,74.6,97.4,FALSE,1,2025-08-01 2:03:37
RET_000315,STU_202400315,2024-08-11 0:00:00,Warning Status,2.59,19,18,MKTG,ADV_1029,0,2025-07-28 14:28:37,140,18,0,50,0.65,0,68.4,39.2,TRUE,1,2025-08-01 0:14:37
RET_000316,STU_202400316,2024-08-08 0:00:00,Academic Suspension,3.11,17,15,NURS,ADV_1090,12265.71,2025-07-25 14:28:37,144,18,15,54.1,0.78,0,93.3,32,TRUE,2,2025-08-01 9:49:37
RET_000317,STU_202400317,2024-08-04 0:00:00,Satisfactory Progress,2.35,20,18,ENGL,ADV_1123,27885.88,2025-07-27 14:28:37,108,6,30,67.9,0.31,0,69.9,32.9,FALSE,1,2025-08-01 14:10:37
RET_000318,STU_202400318,2024-08-09 0:00:00,Excellent Standing,3.09,15,13,ENGL,ADV_1119,0,2025-07-22 14:28:37,15,10,22,96.9,0.71,0,37.4,95.5,TRUE,8,2025-07-31 17:07:37
RET_000319,STU_202400319,2024-08-03 0:00:00,Excellent Standing,3.09,15,11,COMP,ADV_1044,16106.55,2025-07-29 14:28:37,270,6,1,75.3,0.99,0,53,83.4,FALSE,3,2025-08-01 0:07:37
RET_000320,STU_202400320,2024-08-12 0:00:00,Academic Suspension,2.76,14,13,PHYS,ADV_1073,5873.73,2025-07-30 14:28:37,343,7,6,61.3,0.82,5,38.6,31.1,TRUE,3,2025-07-31 13:32:37
RET_000321,STU_202400321,2024-08-15 0:00:00,Conditional Standing,2.08,13,9,MUSC,ADV_1090,0,2025-07-27 14:28:37,119,17,31,58.6,0.62,2,70.1,58.7,FALSE,3,2025-07-31 19:53:37
RET_000322,STU_202400322,2024-08-15 0:00:00,Distinguished Standing,3.16,14,12,RELI,ADV_1148,28433.44,2025-07-28 14:28:37,140,16,30,51,0.78,0,87.8,63.7,TRUE,3,2025-07-31 21:00:37
RET_000323,STU_202400323,2024-08-10 0:00:00,Excellent Standing,3.33,13,10,BUSN,ADV_1033,12917.54,2025-08-01 14:28:37,187,21,14,80.3,0.4,0,90.2,88.3,FALSE,0,2025-08-01 3:34:37
RET_000324,STU_202400324,2024-08-10 0:00:00,Academic Suspension,3.97,18,14,CHEM,ADV_1131,9422.65,2025-07-29 14:28:37,297,13,13,84.8,0.44,4,74.8,25.1,FALSE,0,2025-07-31 19:33:37
RET_000325,STU_202400325,2024-08-08 0:00:00,Academic Suspension,2.17,16,11,PHIL,ADV_1027,10634.82,2025-07-04 14:28:37,11,17,34,93.1,0.61,0,47.8,75.5,FALSE,0,2025-08-01 9:23:37
RET_000326,STU_202400326,2024-08-04 0:00:00,Distinguished Standing,3.17,16,11,NURS,ADV_1104,25505.2,2025-07-08 14:28:37,16,17,22,92.5,0.57,0,68.2,82,FALSE,1,2025-08-01 8:51:37
RET_000327,STU_202400327,2024-08-13 0:00:00,Satisfactory Progress,2.53,19,17,ECON,ADV_1028,9797.68,2025-07-28 14:28:37,89,7,33,82.5,0.88,0,86.5,81.9,TRUE,5,2025-07-31 14:51:37
RET_000328,STU_202400328,2024-08-08 0:00:00,Honor Roll,3.96,14,9,PHYS,ADV_1084,12820.34,2025-07-25 14:28:37,122,12,7,96.9,0.65,0,75,22.5,FALSE,0,2025-07-31 14:01:37
RET_000329,STU_202400329,2024-08-13 0:00:00,Honor Roll,3.08,17,14,NURS,ADV_1143,29879.18,2025-07-25 14:28:37,137,14,18,78.4,0.77,1,63.7,74,TRUE,5,2025-08-01 5:18:37
RET_000330,STU_202400330,2024-08-07 0:00:00,Honor Roll,3.57,16,13,THEA,ADV_1019,3388.58,2025-07-28 14:28:37,58,7,29,47.2,0.5,1,49.8,52.7,FALSE,1,2025-08-01 2:26:37
RET_000331,STU_202400331,2024-08-04 0:00:00,Dean's List,3.23,20,16,EDUC,ADV_1078,0,2025-08-01 14:28:37,275,7,27,63.8,0.88,5,91.3,53.7,FALSE,0,2025-08-01 6:35:37
RET_000332,STU_202400332,2024-08-02 0:00:00,Academic Probation,3.82,17,14,ACCT,ADV_1137,13217.7,2025-07-30 14:28:37,239,19,32,80.6,0.84,6,37.6,87.9,TRUE,5,2025-08-01 7:02:37
RET_000333,STU_202400333,2024-08-02 0:00:00,Distinguished Standing,2.8,14,11,JOUR,ADV_1119,0,2025-07-31 14:28:37,332,9,12,68.1,0.94,0,58.7,25.3,TRUE,1,2025-07-31 16:37:37
RET_000334,STU_202400334,2024-08-11 0:00:00,Dean's List,3.6,20,14,ENGL,ADV_1103,17259.23,2025-08-01 14:28:37,271,11,24,67.6,0.98,0,78.6,19,TRUE,6,2025-08-01 8:37:37
RET_000335,STU_202400335,2024-08-07 0:00:00,Academic Suspension,3.7,20,17,ACCT,ADV_1106,5202.51,2025-07-28 14:28:37,88,18,11,75.2,0.78,0,62,96,FALSE,3,2025-08-01 13:32:37
RET_000336,STU_202400336,2024-08-06 0:00:00,Academic Probation,2.86,13,10,ENGL,ADV_1062,17898.23,2025-07-30 14:28:37,324,11,8,67.3,0.44,1,63.8,35,FALSE,3,2025-07-31 16:19:37
RET_000337,STU_202400337,2024-08-07 0:00:00,Distinguished Standing,2.37,15,13,MUSC,ADV_1063,6006.23,2025-07-28 14:28:37,122,24,34,54.8,0.85,6,73.8,22.6,FALSE,2,2025-08-01 0:05:37
RET_000338,STU_202400338,2024-08-07 0:00:00,Excellent Standing,3.5,17,13,PHIL,ADV_1141,15696.19,2025-07-31 14:28:37,185,16,20,72,0.78,2,64.8,71.3,FALSE,2,2025-08-01 2:55:37
RET_000339,STU_202400339,2024-08-08 0:00:00,Distinguished Standing,2.74,15,14,PSYC,ADV_1041,16093.45,2025-07-27 14:28:37,104,14,26,69.7,0.94,0,71,55.9,FALSE,2,2025-08-01 9:24:37
RET_000340,STU_202400340,2024-08-14 0:00:00,Academic Warning,3.02,20,16,MUSC,ADV_1124,20059.66,2025-07-26 14:28:37,61,15,19,87.1,0.71,0,68.7,26.2,FALSE,3,2025-08-01 5:59:37
RET_000341,STU_202400341,2024-08-12 0:00:00,Dean's List,2.71,20,18,NURS,ADV_1099,29012.34,2025-07-28 14:28:37,56,10,25,80.8,0.62,8,37.4,68.5,FALSE,1,2025-07-31 23:32:37
RET_000342,STU_202400342,2024-08-01 0:00:00,Dean's List,2.64,12,8,GEOG,ADV_1017,25698.21,2025-07-25 14:28:37,56,6,17,89.4,0.75,0,51.9,98,TRUE,2,2025-08-01 13:44:37
RET_000343,STU_202400343,2024-08-11 0:00:00,Distinguished Standing,3.94,17,14,RELI,ADV_1088,0,2025-07-31 14:28:37,360,16,30,81.9,0.91,0,94.2,18.3,TRUE,5,2025-07-31 19:20:37
RET_000344,STU_202400344,2024-08-11 0:00:00,Satisfactory Progress,3.82,15,14,PSYC,ADV_1054,14489.72,2025-08-01 14:28:37,329,15,9,75.1,0.98,0,85.2,48.8,FALSE,0,2025-08-01 13:30:37
RET_000345,STU_202400345,2024-08-11 0:00:00,Honor Roll,2.7,17,13,PHIL,ADV_1111,21017.76,2025-07-30 14:28:37,227,19,0,88.1,0.74,0,90.2,17.9,TRUE,1,2025-08-01 0:21:37
RET_000346,STU_202400346,2024-08-02 0:00:00,Distinguished Standing,2.91,13,10,ANTH,ADV_1112,20948.46,2025-07-31 14:28:37,150,15,7,72.8,0.47,6,58.2,21.4,FALSE,0,2025-08-01 11:37:37
RET_000347,STU_202400347,2024-08-01 0:00:00,Warning Status,3.13,20,18,BUSN,ADV_1146,7705,2025-08-01 14:28:37,363,16,25,48,0.39,8,68.6,22,TRUE,1,2025-08-01 2:35:37
RET_000348,STU_202400348,2024-08-07 0:00:00,Excellent Standing,3.9,12,11,THEA,ADV_1088,27888.59,2025-07-30 14:28:37,359,15,16,89,0.78,0,71,77.3,FALSE,3,2025-08-01 9:14:37
RET_000349,STU_202400349,2024-08-12 0:00:00,Warning Status,3.84,17,14,SOCI,ADV_1140,3041.23,2025-07-05 14:28:37,12,10,1,54.9,0.87,2,40.5,78.2,FALSE,0,2025-07-31 15:40:37
RET_000350,STU_202400350,2024-08-06 0:00:00,Honor Roll,3.76,20,16,SOCI,ADV_1061,11580.25,2025-07-30 14:28:37,280,12,30,70.7,0.5,0,55.5,56.2,FALSE,2,2025-07-31 21:28:37
RET_000351,STU_202400351,2024-08-13 0:00:00,Academic Probation,3.33,12,9,PHYS,ADV_1045,7490.76,2025-07-25 14:28:37,97,18,25,65.6,0.86,0,72.9,94.8,FALSE,0,2025-08-01 9:16:37
RET_000352,STU_202400352,2024-08-14 0:00:00,Dean's List,2.16,15,11,ECON,ADV_1020,4084.46,2025-07-26 14:28:37,68,10,29,51.4,0.57,0,51.1,97.3,FALSE,3,2025-08-01 0:44:37
RET_000353,STU_202400353,2024-08-02 0:00:00,Honor Roll,2.98,13,12,ACCT,ADV_1147,7471.32,2025-08-01 14:28:37,315,24,2,93.6,0.55,0,52.3,22.9,FALSE,0,2025-08-01 9:22:37
RET_000354,STU_202400354,2024-08-04 0:00:00,Dean's List,3.72,14,13,EDUC,ADV_1125,21535.37,2025-07-25 14:28:37,85,8,22,71.8,0.9,0,53.8,94.7,FALSE,2,2025-07-31 17:38:37
RET_000355,STU_202400355,2024-08-04 0:00:00,Academic Suspension,3.74,20,17,COMP,ADV_1030,27827.46,2025-07-26 14:28:37,115,8,9,63.8,0.8,7,46.5,86.2,FALSE,1,2025-07-31 18:42:37
RET_000356,STU_202400356,2024-08-04 0:00:00,Academic Warning,2.55,13,9,COMM,ADV_1119,0,2025-07-30 14:28:37,221,19,25,48.6,0.89,2,66.1,79.6,FALSE,0,2025-07-31 17:18:37
RET_000357,STU_202400357,2024-08-09 0:00:00,Honor Roll,1.58,15,14,RELI,ADV_1084,15061.52,2025-07-25 14:28:37,127,15,32,86.5,0.67,0,50.8,74.8,FALSE,0,2025-08-01 12:06:37
RET_000358,STU_202400358,2024-08-08 0:00:00,Good Standing,3.11,18,17,PHYS,ADV_1143,0,2025-07-27 14:28:37,125,20,25,48.6,0.32,0,74.5,58.5,FALSE,1,2025-07-31 21:38:37
RET_000359,STU_202400359,2024-08-03 0:00:00,Distinguished Standing,2.73,15,12,MATH,ADV_1025,17216.56,2025-07-29 14:28:37,174,13,31,95,0.63,4,83.1,15.7,FALSE,3,2025-08-01 10:55:37
RET_000360,STU_202400360,2024-08-07 0:00:00,Excellent Standing,1.31,18,16,COMM,ADV_1114,0,2025-07-29 14:28:37,176,17,24,85.4,0.59,0,46.4,90.7,FALSE,1,2025-07-31 19:30:37
RET_000361,STU_202400361,2024-08-03 0:00:00,Academic Warning,1.59,13,12,EDUC,ADV_1046,27983.61,2025-07-28 14:28:37,64,7,28,85.8,0.72,0,77.8,32.3,TRUE,4,2025-07-31 22:42:37
RET_000362,STU_202400362,2024-08-05 0:00:00,Honor Roll,2.55,14,9,EDUC,ADV_1079,0,2025-07-30 14:28:37,232,13,24,52.1,0.75,0,47.3,17.2,TRUE,1,2025-08-01 13:45:37
RET_000363,STU_202400363,2024-08-08 0:00:00,Good Standing,3.74,17,12,ENGR,ADV_1104,14212.44,2025-07-29 14:28:37,214,15,18,57.1,0.82,0,66.2,82.3,FALSE,2,2025-08-01 2:52:37
RET_000364,STU_202400364,2024-08-04 0:00:00,Good Standing,2.62,13,9,ENGR,ADV_1018,17670.2,2025-07-29 14:28:37,172,9,6,55.9,0.87,0,78.4,63.6,FALSE,2,2025-08-01 11:01:37
RET_000365,STU_202400365,2024-08-14 0:00:00,Excellent Standing,3.98,16,13,PSYC,ADV_1028,0,2025-07-13 14:28:37,31,11,21,54.9,0.81,0,49.8,42.8,FALSE,1,2025-08-01 10:39:37
RET_000366,STU_202400366,2024-08-15 0:00:00,Honor Roll,3.72,15,14,COMP,ADV_1098,5663.37,2025-07-04 14:28:37,38,11,13,75.5,0.63,0,73,49.4,FALSE,1,2025-08-01 10:56:37
RET_000367,STU_202400367,2024-08-02 0:00:00,Distinguished Standing,2.57,18,14,ENGR,ADV_1084,0,2025-07-30 14:28:37,355,13,27,78.5,0.91,0,88.2,60.6,TRUE,4,2025-08-01 1:15:37
RET_000368,STU_202400368,2024-08-08 0:00:00,Academic Warning,3.57,18,14,ANTH,ADV_1127,6905.16,2025-07-30 14:28:37,350,13,6,51.3,0.46,6,64.1,84.5,TRUE,7,2025-07-31 21:05:37
RET_000369,STU_202400369,2024-08-13 0:00:00,Probationary Status,3.39,12,9,GEOG,ADV_1016,15414.69,2025-07-27 14:28:37,52,11,16,65.9,0.55,0,69.1,58.5,TRUE,6,2025-08-01 3:53:37
RET_000370,STU_202400370,2024-08-14 0:00:00,Satisfactory Progress,3.38,13,11,BIOL,ADV_1024,0,2025-07-19 14:28:37,23,14,15,90.6,0.95,0,43.8,16.1,FALSE,3,2025-07-31 21:23:37
RET_000371,STU_202400371,2024-08-14 0:00:00,Academic Probation,3.99,13,12,ACCT,ADV_1056,19574.14,2025-07-26 14:28:37,129,14,7,76.2,0.96,0,50.2,72.1,FALSE,3,2025-07-31 14:51:37
RET_000372,STU_202400372,2024-08-09 0:00:00,Good Standing,3.71,12,10,POLI,ADV_1036,0,2025-07-04 14:28:37,6,11,26,59,0.53,6,35.2,42.7,TRUE,2,2025-08-01 3:52:37
RET_000373,STU_202400373,2024-08-02 0:00:00,Warning Status,2.91,13,10,HIST,ADV_1149,13073.8,2025-07-30 14:28:37,202,22,21,94.4,0.76,0,91,67.9,FALSE,2,2025-07-31 14:59:37
RET_000374,STU_202400374,2024-08-01 0:00:00,Honor Roll,3.29,20,14,ENGR,ADV_1001,0,2025-07-17 14:28:37,36,15,2,63.5,0.35,7,70,56.3,TRUE,4,2025-07-31 15:58:37
RET_000375,STU_202400375,2024-08-11 0:00:00,Satisfactory Progress,3.09,16,14,ANTH,ADV_1038,17985.02,2025-07-31 14:28:37,377,16,8,59.5,0.33,0,69,75.5,FALSE,1,2025-08-01 8:43:37
RET_000376,STU_202400376,2024-08-09 0:00:00,Satisfactory Progress,3.94,16,14,MGMT,ADV_1039,9374.16,2025-07-29 14:28:37,316,14,30,61.2,0.89,0,38.1,83.3,FALSE,3,2025-07-31 16:22:37
RET_000377,STU_202400377,2024-08-14 0:00:00,Satisfactory Progress,3.03,19,15,MKTG,ADV_1116,0,2025-07-24 14:28:37,8,9,34,77.5,0.57,0,93.9,64.5,FALSE,3,2025-08-01 1:53:37
RET_000378,STU_202400378,2024-08-01 0:00:00,Academic Suspension,3.94,12,10,ARTS,ADV_1137,33565.7,2025-08-01 14:28:37,291,8,24,86,0.79,0,63.6,94.7,FALSE,3,2025-07-31 22:26:37
RET_000379,STU_202400379,2024-08-02 0:00:00,Academic Warning,2.9,20,15,ANTH,ADV_1075,4918.29,2025-07-26 14:28:37,120,7,28,51.3,0.73,0,42.2,90.4,FALSE,0,2025-07-31 16:25:37
RET_000380,STU_202400380,2024-08-15 0:00:00,Good Standing,3.89,18,16,ENGL,ADV_1100,0,2025-07-13 14:28:37,17,14,3,57.7,0.36,0,56.7,91.1,FALSE,0,2025-07-31 13:39:37
RET_000381,STU_202400381,2024-08-13 0:00:00,Honor Roll,2.39,20,15,ARTS,ADV_1148,20324.06,2025-07-26 14:28:37,145,18,2,98,0.31,1,51.6,88.2,FALSE,1,2025-08-01 3:30:37
RET_000382,STU_202400382,2024-08-14 0:00:00,Satisfactory Progress,3.79,14,11,CHEM,ADV_1115,7607.01,2025-08-01 14:28:37,169,8,28,54.7,0.33,0,51.1,71.5,FALSE,3,2025-08-01 6:58:37
RET_000383,STU_202400383,2024-08-04 0:00:00,Academic Probation,3.91,17,16,MGMT,ADV_1051,0,2025-07-29 14:28:37,224,15,25,70.6,0.39,8,60.4,47.5,TRUE,1,2025-07-31 20:40:37
RET_000384,STU_202400384,2024-08-03 0:00:00,Academic Probation,3.99,12,10,SOCI,ADV_1053,0,2025-07-28 14:28:37,119,14,22,93,0.9,0,74.6,65.6,FALSE,3,2025-07-31 15:50:37
RET_000385,STU_202400385,2024-08-07 0:00:00,Conditional Standing,2.75,20,14,PSYC,ADV_1082,18787.26,2025-07-28 14:28:37,96,13,15,73.2,0.49,0,41.7,43.7,FALSE,0,2025-08-01 8:24:37
RET_000386,STU_202400386,2024-08-08 0:00:00,Satisfactory Progress,3.16,12,8,COMM,ADV_1077,0,2025-07-31 14:28:37,163,14,31,60,0.44,5,60.8,88.5,TRUE,6,2025-07-31 21:04:37
RET_000387,STU_202400387,2024-08-08 0:00:00,Academic Probation,3.78,18,15,ENGR,ADV_1146,14689.67,2025-07-29 14:28:37,228,12,7,64.9,0.87,0,72.1,21.3,FALSE,0,2025-07-31 19:19:37
RET_000388,STU_202400388,2024-08-04 0:00:00,Warning Status,1.48,13,10,ENGL,ADV_1078,0,2025-07-29 14:28:37,328,18,29,96,0.31,0,51,65.1,FALSE,0,2025-07-31 21:30:37
RET_000389,STU_202400389,2024-08-14 0:00:00,Probationary Status,2.97,17,12,ACCT,ADV_1112,9577.74,2025-07-28 14:28:37,85,21,19,89.3,0.36,0,85.4,82.1,TRUE,8,2025-07-31 19:58:37
RET_000390,STU_202400390,2024-08-07 0:00:00,Probationary Status,2.77,20,14,BUSN,ADV_1089,8095.46,2025-07-26 14:28:37,113,12,24,68.8,0.46,0,68.2,87.3,FALSE,0,2025-08-01 8:37:37
RET_000391,STU_202400391,2024-08-15 0:00:00,Good Standing,2.72,14,10,FINC,ADV_1023,22951.09,2025-07-26 14:28:37,118,10,2,74,0.54,0,48.2,68.1,FALSE,0,2025-07-31 22:11:37
RET_000392,STU_202400392,2024-08-01 0:00:00,Academic Warning,3.57,16,12,PHYS,ADV_1150,0,2025-07-27 14:28:37,83,15,1,63.2,0.88,4,67.5,62.7,TRUE,5,2025-08-01 3:32:37
RET_000393,STU_202400393,2024-08-03 0:00:00,Academic Warning,2.87,14,12,MATH,ADV_1003,9763.55,2025-07-26 14:28:37,150,7,35,65.8,0.8,0,44.6,24,FALSE,0,2025-08-01 4:33:37
RET_000394,STU_202400394,2024-08-07 0:00:00,Warning Status,2.85,12,11,BUSN,ADV_1131,0,2025-07-25 14:28:37,104,17,10,96.4,0.63,0,71.8,39.3,FALSE,2,2025-08-01 12:46:37
RET_000395,STU_202400395,2024-08-01 0:00:00,Honor Roll,2.57,20,16,CHEM,ADV_1104,14103.84,2025-07-17 14:28:37,13,10,17,49.6,0.47,3,40.7,34.2,FALSE,2,2025-08-01 10:56:37
RET_000396,STU_202400396,2024-08-07 0:00:00,Academic Probation,2.98,20,14,SOCI,ADV_1033,9882.87,2025-07-27 14:28:37,123,8,17,64.4,0.76,2,71.6,59,TRUE,2,2025-08-01 10:18:37
RET_000397,STU_202400397,2024-08-05 0:00:00,Dean's List,2.84,13,10,ANTH,ADV_1076,29191.32,2025-08-01 14:28:37,181,16,20,89.7,0.89,5,41.4,43.5,TRUE,3,2025-07-31 14:40:37
RET_000398,STU_202400398,2024-08-15 0:00:00,Academic Probation,2.57,15,13,ENGL,ADV_1016,8559.05,2025-08-01 14:28:37,262,13,2,96.7,0.64,0,53.5,17.2,TRUE,1,2025-07-31 23:18:37
RET_000399,STU_202400399,2024-08-13 0:00:00,Excellent Standing,3.1,19,18,FINC,ADV_1095,28425.24,2025-07-29 14:28:37,254,15,5,59.8,0.73,0,71,26.6,FALSE,2,2025-08-01 14:25:37
RET_000400,STU_202400400,2024-08-13 0:00:00,Conditional Standing,3.32,17,12,MGMT,ADV_1141,0,2025-07-31 14:28:37,262,10,17,58.9,0.65,0,47.8,97.7,FALSE,3,2025-08-01 8:53:37
RET_000401,STU_202400401,2024-08-08 0:00:00,Warning Status,3.61,15,10,MGMT,ADV_1014,4331.84,2025-07-30 14:28:37,187,10,14,51.1,0.33,0,39.9,31.2,FALSE,3,2025-08-01 7:49:37
RET_000402,STU_202400402,2024-08-05 0:00:00,Warning Status,3.87,13,12,POLI,ADV_1001,0,2025-07-25 14:28:37,124,8,35,83.4,0.34,8,88.3,82.6,FALSE,3,2025-08-01 4:54:37
RET_000403,STU_202400403,2024-08-07 0:00:00,Warning Status,3.85,17,14,BIOL,ADV_1144,8085.1,2025-07-28 14:28:37,82,11,34,83.4,0.72,3,67.5,28.1,FALSE,0,2025-08-01 9:48:37
RET_000404,STU_202400404,2024-08-12 0:00:00,Dean's List,2.72,17,15,COMP,ADV_1092,0,2025-07-31 14:28:37,279,9,32,49.1,0.44,0,87.9,32.9,TRUE,8,2025-08-01 7:20:37
RET_000405,STU_202400405,2024-08-12 0:00:00,Excellent Standing,2.92,16,14,JOUR,ADV_1029,5385.28,2025-07-26 14:28:37,59,23,18,52.7,0.53,0,82.4,65,FALSE,3,2025-07-31 17:19:37
RET_000406,STU_202400406,2024-08-13 0:00:00,Conditional Standing,2.82,14,12,MKTG,ADV_1073,24984.21,2025-07-27 14:28:37,102,21,30,95.4,0.51,0,54.3,27.3,FALSE,2,2025-08-01 13:12:37
RET_000407,STU_202400407,2024-08-09 0:00:00,Satisfactory Progress,3.22,17,16,MATH,ADV_1008,6687.7,2025-07-27 14:28:37,55,9,1,50.7,0.45,0,71.9,34.9,TRUE,7,2025-08-01 12:11:37
RET_000408,STU_202400408,2024-08-11 0:00:00,Satisfactory Progress,3.66,18,13,POLI,ADV_1061,20264.33,2025-07-27 14:28:37,77,21,2,80.2,0.41,5,43.7,37.8,FALSE,1,2025-08-01 5:57:37
RET_000409,STU_202400409,2024-08-12 0:00:00,Honor Roll,2.54,17,13,ARTS,ADV_1111,25339.45,2025-07-31 14:28:37,394,9,32,98.4,0.74,0,85.2,43,TRUE,5,2025-08-01 5:47:37
RET_000410,STU_202400410,2024-08-08 0:00:00,Warning Status,3.51,15,13,MUSC,ADV_1101,11579.3,2025-07-31 14:28:37,366,21,3,77.5,0.76,0,45.1,21.4,FALSE,3,2025-08-01 7:42:37
RET_000411,STU_202400411,2024-08-03 0:00:00,Conditional Standing,3.15,18,14,BIOL,ADV_1082,26113.49,2025-07-27 14:28:37,84,16,18,93.7,0.53,0,48.1,36.2,FALSE,2,2025-08-01 9:29:37
RET_000412,STU_202400412,2024-08-04 0:00:00,Honor Roll,2.71,17,12,COMP,ADV_1098,23799.79,2025-07-27 14:28:37,79,13,7,82.1,0.61,0,51.4,18,TRUE,3,2025-07-31 14:33:37
RET_000413,STU_202400413,2024-08-05 0:00:00,Warning Status,3,17,16,PSYC,ADV_1104,0,2025-07-11 14:28:37,28,11,35,72.1,0.94,6,71,76.9,FALSE,3,2025-07-31 21:41:37
RET_000414,STU_202400414,2024-08-04 0:00:00,Warning Status,3.19,19,15,BUSN,ADV_1098,0,2025-07-29 14:28:37,264,11,8,94.5,0.47,0,36.5,75.7,TRUE,5,2025-08-01 11:24:37
RET_000415,STU_202400415,2024-08-01 0:00:00,Good Standing,3.87,16,13,PHIL,ADV_1112,0,2025-07-03 14:28:37,42,14,16,87.6,0.54,1,62.1,25.8,FALSE,0,2025-08-01 1:05:37
RET_000416,STU_202400416,2024-08-10 0:00:00,Warning Status,3.68,13,9,PSYC,ADV_1140,8072.73,2025-07-26 14:28:37,103,11,31,78.8,0.84,5,56.6,59.5,FALSE,3,2025-07-31 19:50:37
RET_000417,STU_202400417,2024-08-12 0:00:00,Distinguished Standing,1.77,13,12,PSYC,ADV_1055,0,2025-07-10 14:28:37,5,7,26,59.1,0.69,0,61.2,93.1,FALSE,0,2025-07-31 16:16:37
RET_000418,STU_202400418,2024-08-09 0:00:00,Academic Probation,4,14,13,PHIL,ADV_1045,7739.76,2025-07-21 14:28:37,13,12,1,81.9,0.99,0,60.4,18.6,FALSE,2,2025-07-31 16:28:37
RET_000419,STU_202400419,2024-08-01 0:00:00,Dean's List,3.26,15,11,THEA,ADV_1122,24155.19,2025-07-26 14:28:37,104,10,25,82.3,0.47,0,55.9,45.4,TRUE,7,2025-07-31 17:20:37
RET_000420,STU_202400420,2024-08-12 0:00:00,Probationary Status,2.15,13,11,ACCT,ADV_1036,0,2025-07-27 14:28:37,93,12,2,48.9,0.94,0,89.7,16.8,FALSE,1,2025-07-31 14:48:37
RET_000421,STU_202400421,2024-08-06 0:00:00,Dean's List,1.01,12,11,ECON,ADV_1049,6544.86,2025-07-11 14:28:37,45,19,27,60.5,0.63,0,44.5,80.7,TRUE,8,2025-07-31 15:28:37
RET_000422,STU_202400422,2024-08-01 0:00:00,Honor Roll,1.88,12,11,PHIL,ADV_1143,0,2025-07-30 14:28:37,335,11,9,92.9,0.72,0,70.1,34.7,TRUE,8,2025-08-01 10:26:37
RET_000423,STU_202400423,2024-08-01 0:00:00,Probationary Status,1.21,18,16,MUSC,ADV_1099,29998.73,2025-07-25 14:28:37,98,15,11,72.2,0.71,0,66.9,92.7,FALSE,1,2025-07-31 18:15:37
RET_000424,STU_202400424,2024-08-10 0:00:00,Academic Probation,2.55,15,14,ANTH,ADV_1093,28262.75,2025-07-21 14:28:37,19,14,21,47.6,0.66,0,37.2,50.6,TRUE,7,2025-08-01 13:11:37
RET_000425,STU_202400425,2024-08-08 0:00:00,Academic Warning,3.96,20,15,BUSN,ADV_1107,0,2025-07-26 14:28:37,86,14,20,85.5,0.97,0,37.9,95.2,TRUE,3,2025-07-31 15:44:37
RET_000426,STU_202400426,2024-08-09 0:00:00,Dean's List,2.98,20,16,ENGL,ADV_1040,11969.02,2025-07-29 14:28:37,260,13,20,50.3,0.5,0,77.4,76.7,FALSE,0,2025-08-01 10:14:37
RET_000427,STU_202400427,2024-08-15 0:00:00,Academic Warning,3.15,14,11,JOUR,ADV_1074,0,2025-07-28 14:28:37,112,11,10,60.4,0.94,0,71.9,58.1,FALSE,2,2025-08-01 10:20:37
RET_000428,STU_202400428,2024-08-14 0:00:00,Excellent Standing,2.95,15,14,JOUR,ADV_1033,8475.44,2025-07-21 14:28:37,19,18,9,50.1,0.69,0,50,23,TRUE,2,2025-07-31 16:00:37
RET_000429,STU_202400429,2024-08-09 0:00:00,Academic Probation,3.35,16,11,COMM,ADV_1035,0,2025-07-30 14:28:37,157,10,34,73.8,0.44,0,50.3,76.9,TRUE,8,2025-07-31 23:06:37
RET_000430,STU_202400430,2024-08-03 0:00:00,Academic Warning,3.76,20,17,BIOL,ADV_1003,14757.35,2025-08-01 14:28:37,244,11,27,84.2,0.66,0,43.5,50.4,FALSE,0,2025-08-01 9:44:37
RET_000431,STU_202400431,2024-08-01 0:00:00,Good Standing,3.63,18,14,NURS,ADV_1019,0,2025-07-28 14:28:37,64,13,27,71.4,0.36,0,87.3,85.3,TRUE,8,2025-08-01 11:13:37
RET_000432,STU_202400432,2024-08-09 0:00:00,Conditional Standing,3.54,12,10,RELI,ADV_1005,17121.4,2025-07-28 14:28:37,143,13,22,88,0.82,0,59.6,92.9,FALSE,2,2025-08-01 2:43:37
RET_000433,STU_202400433,2024-08-02 0:00:00,Satisfactory Progress,2.72,14,12,COMM,ADV_1037,7983.03,2025-07-31 14:28:37,233,14,21,59.8,0.74,0,39,93.3,FALSE,0,2025-08-01 8:26:37
RET_000434,STU_202400434,2024-08-14 0:00:00,Distinguished Standing,3.25,14,11,THEA,ADV_1125,10168.64,2025-07-31 14:28:37,330,8,27,50.4,0.79,7,74.3,87.6,FALSE,0,2025-07-31 13:40:37
RET_000435,STU_202400435,2024-08-03 0:00:00,Warning Status,2.39,14,12,CHEM,ADV_1112,21588.54,2025-07-29 14:28:37,365,19,2,95.8,0.74,8,45.6,19.6,FALSE,3,2025-08-01 9:56:37
RET_000436,STU_202400436,2024-08-02 0:00:00,Satisfactory Progress,2.86,14,12,ECON,ADV_1035,0,2025-07-26 14:28:37,78,16,16,70.2,0.64,0,91.5,88.4,FALSE,2,2025-08-01 12:02:37
RET_000437,STU_202400437,2024-08-10 0:00:00,Honor Roll,3.07,19,18,HIST,ADV_1022,14316.44,2025-07-25 14:28:37,86,9,5,95.9,0.9,1,71.2,45,FALSE,1,2025-08-01 3:32:37
RET_000438,STU_202400438,2024-08-02 0:00:00,Good Standing,3.26,12,9,CHEM,ADV_1036,30940.67,2025-08-01 14:28:37,261,13,35,77.7,0.8,0,81.4,48,FALSE,3,2025-08-01 13:02:37
RET_000439,STU_202400439,2024-08-11 0:00:00,Dean's List,3.38,19,14,POLI,ADV_1107,0,2025-07-28 14:28:37,128,18,15,79.1,0.64,0,82,65.4,FALSE,2,2025-08-01 6:03:37
RET_000440,STU_202400440,2024-08-14 0:00:00,Honor Roll,3.96,16,12,PSYC,ADV_1117,20659.08,2025-07-30 14:28:37,374,10,18,80.7,0.64,0,81.7,82.9,FALSE,1,2025-08-01 8:28:37
RET_000441,STU_202400441,2024-08-04 0:00:00,Distinguished Standing,3.85,12,10,MKTG,ADV_1109,25943.12,2025-07-27 14:28:37,119,12,6,56.7,0.97,0,57.1,78.3,FALSE,3,2025-07-31 16:36:37
RET_000442,STU_202400442,2024-08-07 0:00:00,Honor Roll,3.33,20,19,JOUR,ADV_1047,5317.13,2025-07-15 14:28:37,31,13,15,80.4,0.38,0,67,47.1,FALSE,2,2025-08-01 13:06:37
RET_000443,STU_202400443,2024-08-02 0:00:00,Distinguished Standing,2.99,17,13,ANTH,ADV_1117,0,2025-07-27 14:28:37,134,11,25,82.7,0.84,0,82.2,71.8,FALSE,0,2025-07-31 15:38:37
RET_000444,STU_202400444,2024-08-15 0:00:00,Satisfactory Progress,3.27,19,18,ECON,ADV_1131,2266.66,2025-07-25 14:28:37,126,18,15,46.5,0.49,0,45.3,21,FALSE,0,2025-07-31 19:14:37
RET_000445,STU_202400445,2024-08-10 0:00:00,Academic Probation,1.29,12,11,CHEM,ADV_1109,0,2025-07-26 14:28:37,57,21,20,59,0.52,0,83.8,93,FALSE,2,2025-07-31 23:59:37
RET_000446,STU_202400446,2024-08-04 0:00:00,Probationary Status,2.15,17,12,ARTS,ADV_1142,10413.18,2025-07-25 14:28:37,104,12,3,59.4,0.81,0,88.7,32.7,FALSE,3,2025-08-01 0:06:37
RET_000447,STU_202400447,2024-08-10 0:00:00,Dean's List,3.65,20,17,GEOG,ADV_1116,5881.11,2025-08-01 14:28:37,228,14,14,75.6,0.42,0,45,94.1,FALSE,3,2025-08-01 1:31:37
RET_000448,STU_202400448,2024-08-10 0:00:00,Honor Roll,3.26,16,15,BIOL,ADV_1099,33434,2025-07-31 14:28:37,392,19,8,77.4,0.31,0,85.8,78.7,FALSE,1,2025-07-31 20:22:37
RET_000449,STU_202400449,2024-08-01 0:00:00,Probationary Status,2.85,16,13,PHYS,ADV_1091,22180.89,2025-07-26 14:28:37,61,13,35,48.4,0.33,0,71.5,36.1,FALSE,3,2025-07-31 18:54:37
RET_000450,STU_202400450,2024-08-10 0:00:00,Warning Status,3.84,14,11,NURS,ADV_1058,0,2025-07-29 14:28:37,190,15,14,60.5,0.41,0,82,43.3,FALSE,2,2025-08-01 7:20:37
RET_000451,STU_202400451,2024-08-02 0:00:00,Probationary Status,2.04,18,14,COMM,ADV_1048,7790.75,2025-07-26 14:28:37,77,20,15,95.3,0.33,0,62.3,19.3,FALSE,0,2025-07-31 14:24:37
RET_000452,STU_202400452,2024-08-07 0:00:00,Dean's List,2.71,13,11,ECON,ADV_1109,9804.43,2025-07-31 14:28:37,278,20,31,47.3,0.5,4,73.4,50.7,FALSE,0,2025-07-31 17:27:37
RET_000453,STU_202400453,2024-08-11 0:00:00,Conditional Standing,1.85,18,17,COMM,ADV_1002,0,2025-07-29 14:28:37,158,18,7,88.5,0.56,2,43.2,60.7,FALSE,3,2025-07-31 18:18:37
RET_000454,STU_202400454,2024-08-10 0:00:00,Academic Probation,3.37,15,12,FINC,ADV_1148,4422.63,2025-07-28 14:28:37,60,7,32,83.6,0.83,0,66.7,51.2,FALSE,2,2025-07-31 19:23:37
RET_000455,STU_202400455,2024-08-10 0:00:00,Excellent Standing,3.89,17,16,COMM,ADV_1128,8673.44,2025-08-01 14:28:37,340,18,9,50.1,0.71,0,80.3,24,FALSE,3,2025-08-01 0:45:37
RET_000456,STU_202400456,2024-08-09 0:00:00,Dean's List,3,17,14,ENGR,ADV_1061,27952.21,2025-07-28 14:28:37,150,14,32,84.8,0.51,0,78.6,67,FALSE,1,2025-07-31 16:41:37
RET_000457,STU_202400457,2024-08-06 0:00:00,Probationary Status,3.03,19,18,FINC,ADV_1129,25545.57,2025-07-31 14:28:37,217,25,24,60.6,0.37,8,91.6,55.3,FALSE,3,2025-08-01 11:58:37
RET_000458,STU_202400458,2024-08-15 0:00:00,Academic Warning,3.65,12,10,MATH,ADV_1069,8086.85,2025-07-07 14:28:37,22,12,34,72.1,0.57,0,71.3,78.3,FALSE,3,2025-08-01 5:04:37
RET_000459,STU_202400459,2024-08-05 0:00:00,Honor Roll,2.74,14,11,BIOL,ADV_1106,0,2025-07-12 14:28:37,28,20,6,69.2,0.7,5,66.4,68.5,FALSE,0,2025-07-31 19:26:37
RET_000460,STU_202400460,2024-08-04 0:00:00,Academic Warning,3.58,15,10,POLI,ADV_1140,14794.42,2025-07-29 14:28:37,264,15,6,79.4,0.53,0,65.2,26.8,TRUE,6,2025-08-01 8:51:37
RET_000461,STU_202400461,2024-08-11 0:00:00,Academic Probation,2.58,16,12,FINC,ADV_1148,5232.5,2025-07-31 14:28:37,174,11,13,91.3,0.64,0,83.3,32.5,TRUE,2,2025-07-31 14:55:37
RET_000462,STU_202400462,2024-08-12 0:00:00,Good Standing,3.19,14,10,GEOG,ADV_1094,26019.89,2025-07-30 14:28:37,253,24,33,83.7,0.7,0,71,58.5,TRUE,2,2025-08-01 8:21:37
RET_000463,STU_202400463,2024-08-06 0:00:00,Academic Warning,1.12,13,11,NURS,ADV_1009,25213.03,2025-07-25 14:28:37,82,12,21,89.6,0.33,0,52.9,36.9,FALSE,3,2025-08-01 14:12:37
RET_000464,STU_202400464,2024-08-04 0:00:00,Honor Roll,2.96,18,16,SOCI,ADV_1010,11364.03,2025-07-26 14:28:37,50,18,13,85.4,0.86,0,59.7,77.2,TRUE,7,2025-08-01 6:35:37
RET_000465,STU_202400465,2024-08-05 0:00:00,Warning Status,1.13,13,10,NURS,ADV_1146,9612.38,2025-07-27 14:28:37,133,12,29,82.9,0.66,0,57.4,18.3,TRUE,4,2025-07-31 14:54:37
RET_000466,STU_202400466,2024-08-07 0:00:00,Distinguished Standing,3.21,19,16,THEA,ADV_1124,11626.71,2025-07-22 14:28:37,11,19,4,65.1,0.83,0,46.9,35.1,TRUE,5,2025-08-01 6:24:37
RET_000467,STU_202400467,2024-08-03 0:00:00,Warning Status,2.87,14,12,JOUR,ADV_1095,31858.2,2025-07-31 14:28:37,192,14,7,47.1,0.6,0,61.1,89.4,FALSE,1,2025-07-31 19:04:37
RET_000468,STU_202400468,2024-08-11 0:00:00,Honor Roll,3.78,18,12,MATH,ADV_1029,0,2025-07-25 14:28:37,67,15,25,45.5,0.38,0,43.8,15.4,TRUE,7,2025-08-01 2:18:37
RET_000469,STU_202400469,2024-08-11 0:00:00,Satisfactory Progress,2.97,12,8,COMP,ADV_1149,21278.93,2025-07-03 14:28:37,22,14,23,75.2,0.42,8,43.4,58.8,FALSE,3,2025-08-01 9:52:37
RET_000470,STU_202400470,2024-08-05 0:00:00,Academic Probation,2.74,14,10,MUSC,ADV_1124,23998.96,2025-07-29 14:28:37,355,20,33,77.3,0.63,4,36,52.1,FALSE,3,2025-08-01 11:37:37
RET_000471,STU_202400471,2024-08-08 0:00:00,Satisfactory Progress,2.65,20,14,FINC,ADV_1021,13935.46,2025-07-27 14:28:37,145,8,33,83.3,0.63,0,61.3,31.1,TRUE,1,2025-08-01 8:21:37
RET_000472,STU_202400472,2024-08-06 0:00:00,Distinguished Standing,3.2,14,10,ANTH,ADV_1037,3016.87,2025-07-30 14:28:37,188,9,0,61.7,0.43,0,63,39.8,FALSE,3,2025-08-01 0:57:37
RET_000473,STU_202400473,2024-08-15 0:00:00,Honor Roll,3.86,16,15,PHIL,ADV_1135,10754.31,2025-07-25 14:28:37,92,6,29,76.8,0.35,0,87.9,54.6,FALSE,2,2025-08-01 13:56:37
RET_000474,STU_202400474,2024-08-13 0:00:00,Distinguished Standing,3.73,20,19,PHYS,ADV_1072,7134.14,2025-07-29 14:28:37,238,10,12,59.7,0.87,0,59.9,70.4,FALSE,3,2025-08-01 13:05:37
RET_000475,STU_202400475,2024-08-15 0:00:00,Conditional Standing,1.01,12,11,HIST,ADV_1120,0,2025-07-06 14:28:37,24,17,25,95,0.69,0,91.9,60.7,FALSE,1,2025-08-01 1:53:37
RET_000476,STU_202400476,2024-08-02 0:00:00,Honor Roll,3.69,16,15,PSYC,ADV_1133,7266.19,2025-07-29 14:28:37,169,13,6,84.1,0.5,5,57.4,89.2,FALSE,3,2025-08-01 2:35:37
RET_000477,STU_202400477,2024-08-01 0:00:00,Excellent Standing,2.89,15,12,THEA,ADV_1021,29518.23,2025-07-31 14:28:37,182,18,24,62.7,0.84,0,89.6,26.3,TRUE,8,2025-08-01 0:35:37
RET_000478,STU_202400478,2024-08-08 0:00:00,Excellent Standing,3.8,19,18,ARTS,ADV_1134,27334.9,2025-07-28 14:28:37,144,24,13,54,0.85,3,70.9,18.8,FALSE,1,2025-08-01 1:59:37
RET_000479,STU_202400479,2024-08-10 0:00:00,Satisfactory Progress,3.85,14,10,PHIL,ADV_1023,28502.05,2025-07-22 14:28:37,44,8,10,70.4,0.3,0,65.8,34.4,TRUE,1,2025-07-31 13:32:37
RET_000480,STU_202400480,2024-08-10 0:00:00,Satisfactory Progress,2.86,18,15,JOUR,ADV_1063,3756.48,2025-08-01 14:28:37,185,21,28,67.8,0.63,0,91,46.1,TRUE,6,2025-08-01 13:04:37
RET_000481,STU_202400481,2024-08-02 0:00:00,Academic Probation,3.82,14,12,BIOL,ADV_1121,0,2025-07-31 14:28:37,211,15,24,86.4,0.79,5,54.9,75.1,TRUE,3,2025-08-01 6:44:37
RET_000482,STU_202400482,2024-08-02 0:00:00,Warning Status,3.66,20,15,CHEM,ADV_1020,18764.42,2025-07-27 14:28:37,117,15,13,96.1,0.96,0,65.4,19.4,TRUE,6,2025-08-01 1:29:37
RET_000483,STU_202400483,2024-08-09 0:00:00,Good Standing,3.68,17,16,SOCI,ADV_1139,0,2025-07-30 14:28:37,365,16,28,71.2,0.85,0,41.1,70.4,FALSE,1,2025-08-01 10:23:37
RET_000484,STU_202400484,2024-08-04 0:00:00,Conditional Standing,3.4,13,9,THEA,ADV_1149,5143.14,2025-07-26 14:28:37,133,10,1,91.3,0.9,3,36.5,52.5,FALSE,3,2025-07-31 19:56:37
RET_000485,STU_202400485,2024-08-09 0:00:00,Distinguished Standing,3.51,18,13,POLI,ADV_1080,25771.65,2025-07-27 14:28:37,143,11,35,91.9,0.94,0,66.3,72.6,TRUE,3,2025-08-01 2:05:37
RET_000486,STU_202400486,2024-08-05 0:00:00,Academic Suspension,3.6,12,9,COMP,ADV_1014,0,2025-07-27 14:28:37,72,9,28,64.3,0.44,0,59.2,65.3,TRUE,4,2025-08-01 3:25:37
RET_000487,STU_202400487,2024-08-03 0:00:00,Warning Status,3.53,20,18,MUSC,ADV_1088,7484.43,2025-07-27 14:28:37,62,12,32,94.3,0.72,7,54.6,18.9,TRUE,7,2025-08-01 4:51:37
RET_000488,STU_202400488,2024-08-15 0:00:00,Honor Roll,3.84,14,12,NURS,ADV_1137,0,2025-07-28 14:28:37,132,14,2,98.3,0.79,0,83.1,45.6,FALSE,1,2025-08-01 4:39:37
RET_000489,STU_202400489,2024-08-06 0:00:00,Good Standing,1.42,14,11,BUSN,ADV_1003,23905.32,2025-08-01 14:28:37,398,9,30,98.4,0.74,0,88,61.9,FALSE,3,2025-07-31 13:38:37
RET_000490,STU_202400490,2024-08-15 0:00:00,Academic Probation,2.88,12,11,HIST,ADV_1121,7843.71,2025-07-25 14:28:37,145,13,2,64.8,0.73,7,37.2,73.7,TRUE,5,2025-08-01 6:09:37
RET_000491,STU_202400491,2024-08-02 0:00:00,Dean's List,3.04,20,17,BIOL,ADV_1117,0,2025-07-30 14:28:37,372,7,26,89.6,0.38,7,65.4,81.7,FALSE,1,2025-07-31 18:26:37
RET_000492,STU_202400492,2024-08-15 0:00:00,Probationary Status,3.33,13,9,ENGR,ADV_1132,22834.67,2025-08-01 14:28:37,230,14,17,97.6,0.44,2,54.8,38.7,FALSE,3,2025-08-01 0:01:37
RET_000493,STU_202400493,2024-08-04 0:00:00,Warning Status,2.53,14,13,COMM,ADV_1121,13019.18,2025-08-01 14:28:37,235,20,10,93.5,0.71,8,51,30.1,FALSE,0,2025-08-01 2:16:37
RET_000494,STU_202400494,2024-08-06 0:00:00,Warning Status,3.91,20,18,ENGR,ADV_1147,8444.14,2025-07-08 14:28:37,5,22,26,89.8,0.77,0,89.9,16.3,FALSE,0,2025-07-31 17:09:37
RET_000495,STU_202400495,2024-08-05 0:00:00,Good Standing,3.55,18,15,ENGR,ADV_1085,34980.53,2025-07-30 14:28:37,336,8,11,68.7,0.49,0,58,97.6,TRUE,2,2025-07-31 18:39:37
RET_000496,STU_202400496,2024-08-03 0:00:00,Probationary Status,3.58,17,16,GEOG,ADV_1108,0,2025-07-26 14:28:37,72,10,19,59.6,0.55,0,37.5,97.3,TRUE,2,2025-08-01 7:43:37
RET_000497,STU_202400497,2024-08-08 0:00:00,Honor Roll,3.08,20,16,POLI,ADV_1091,29492.28,2025-07-31 14:28:37,294,9,7,94.1,0.43,0,92.2,63.4,FALSE,1,2025-08-01 6:52:37
RET_000498,STU_202400498,2024-08-14 0:00:00,Warning Status,3.67,19,17,SOCI,ADV_1076,32352.68,2025-07-27 14:28:37,125,10,10,87.2,0.45,0,69.2,28.7,FALSE,1,2025-08-01 1:06:37
RET_000499,STU_202400499,2024-08-09 0:00:00,Good Standing,2.59,18,14,THEA,ADV_1075,0,2025-07-31 14:28:37,374,11,12,85,0.82,0,84.6,77.8,FALSE,1,2025-08-01 14:09:37
RET_000500,STU_202400500,2024-08-12 0:00:00,Academic Warning,3.78,13,10,ECON,ADV_1043,0,2025-07-26 14:28:37,140,9,17,52.5,0.52,0,67.8,73.6,FALSE,0,2025-07-31 17:50:37
RET_000501,STU_202400501,2024-08-05 0:00:00,Satisfactory Progress,2.84,16,13,MKTG,ADV_1010,0,2025-07-29 14:28:37,219,9,18,58.9,0.61,0,90,66.8,TRUE,8,2025-08-01 2:18:37
RET_000502,STU_202400502,2024-08-10 0:00:00,Excellent Standing,3.85,15,14,CHEM,ADV_1078,20356.98,2025-07-27 14:28:37,124,13,33,69.1,0.74,0,39,67,FALSE,0,2025-08-01 0:16:37
RET_000503,STU_202400503,2024-08-13 0:00:00,Probationary Status,3.74,13,10,GEOG,ADV_1145,17338.81,2025-08-01 14:28:37,393,21,9,73.8,0.45,6,82.2,78.6,TRUE,4,2025-08-01 9:34:37
RET_000504,STU_202400504,2024-08-11 0:00:00,Satisfactory Progress,3.54,20,16,ECON,ADV_1067,23966.51,2025-07-27 14:28:37,132,19,13,63.3,0.98,0,89.9,62.5,TRUE,5,2025-08-01 9:04:37
RET_000505,STU_202400505,2024-08-09 0:00:00,Honor Roll,3.67,15,10,NURS,ADV_1016,11440.72,2025-07-28 14:28:37,61,21,13,58.8,0.63,0,75.4,46.2,TRUE,2,2025-08-01 10:01:37
RET_000506,STU_202400506,2024-08-01 0:00:00,Academic Warning,3.76,12,10,MGMT,ADV_1122,8599.27,2025-07-31 14:28:37,282,15,30,52.5,0.71,0,75.2,79.8,FALSE,0,2025-08-01 11:23:37
RET_000507,STU_202400507,2024-08-11 0:00:00,Warning Status,3.15,13,11,BIOL,ADV_1149,33434.71,2025-07-26 14:28:37,134,10,20,82.5,0.74,8,93.8,39.6,FALSE,2,2025-08-01 5:19:37
RET_000508,STU_202400508,2024-08-14 0:00:00,Conditional Standing,2.54,18,16,PHIL,ADV_1044,24369.35,2025-07-24 14:28:37,15,15,21,63,0.93,5,69.6,60.9,FALSE,2,2025-08-01 6:15:37
RET_000509,STU_202400509,2024-08-09 0:00:00,Probationary Status,2.81,17,13,ECON,ADV_1147,22807.42,2025-07-27 14:28:37,89,13,34,55,0.32,0,89.1,65.2,FALSE,3,2025-08-01 0:46:37
RET_000510,STU_202400510,2024-08-05 0:00:00,Satisfactory Progress,2.12,13,9,SOCI,ADV_1014,28050,2025-07-25 14:28:37,125,22,25,70.3,0.47,5,66.6,64.8,TRUE,2,2025-08-01 9:30:37
RET_000511,STU_202400511,2024-08-15 0:00:00,Academic Probation,3.76,16,12,ENGL,ADV_1075,14622.24,2025-07-27 14:28:37,111,22,19,47.1,0.95,0,85.1,75.6,FALSE,3,2025-07-31 15:07:37
RET_000512,STU_202400512,2024-08-11 0:00:00,Satisfactory Progress,2.88,20,16,COMP,ADV_1007,0,2025-07-31 14:28:37,257,20,17,96,0.58,0,76,71.3,TRUE,1,2025-07-31 17:53:37
RET_000513,STU_202400513,2024-08-02 0:00:00,Academic Suspension,3.81,17,15,NURS,ADV_1074,0,2025-07-30 14:28:37,386,16,33,55.6,0.98,4,48.6,96.4,FALSE,2,2025-07-31 16:08:37
RET_000514,STU_202400514,2024-08-15 0:00:00,Conditional Standing,3.7,18,16,COMM,ADV_1125,8277.57,2025-07-30 14:28:37,319,20,3,96.9,0.52,0,64,52.9,TRUE,7,2025-08-01 5:45:37
RET_000515,STU_202400515,2024-08-03 0:00:00,Academic Suspension,3.72,18,15,ENGL,ADV_1022,0,2025-07-27 14:28:37,108,10,29,45,0.4,0,65.5,88.8,FALSE,0,2025-08-01 10:22:37
RET_000516,STU_202400516,2024-08-05 0:00:00,Academic Suspension,2.69,20,16,PHYS,ADV_1033,0,2025-07-15 14:28:37,24,8,15,90.9,0.61,0,78.5,39.5,FALSE,3,2025-07-31 16:56:37
RET_000517,STU_202400517,2024-08-02 0:00:00,Probationary Status,3.9,17,14,BUSN,ADV_1130,33861.09,2025-07-30 14:28:37,325,22,23,45.3,0.41,0,92.1,59.4,FALSE,0,2025-07-31 21:48:37
RET_000518,STU_202400518,2024-08-15 0:00:00,Academic Probation,3.77,19,14,NURS,ADV_1020,9238.8,2025-07-26 14:28:37,139,14,24,89.5,0.79,0,86.8,45.4,FALSE,1,2025-08-01 12:54:37
RET_000519,STU_202400519,2024-08-02 0:00:00,Academic Warning,2.6,16,13,THEA,ADV_1072,5390.5,2025-07-31 14:28:37,249,11,8,66.4,0.53,0,43.9,46.9,FALSE,0,2025-07-31 14:57:37
RET_000520,STU_202400520,2024-08-12 0:00:00,Academic Suspension,3.37,18,16,COMM,ADV_1065,13173,2025-07-26 14:28:37,126,16,4,63.6,0.77,0,82,94,FALSE,0,2025-07-31 18:45:37
RET_000521,STU_202400521,2024-08-09 0:00:00,Conditional Standing,2.85,13,12,ANTH,ADV_1034,21754.7,2025-07-24 14:28:37,19,14,15,64.7,0.54,1,90.6,35.6,FALSE,3,2025-07-31 19:22:37
RET_000522,STU_202400522,2024-08-03 0:00:00,Distinguished Standing,1.49,19,17,FINC,ADV_1072,0,2025-07-26 14:28:37,59,17,8,71.7,0.33,0,65.4,42.4,FALSE,1,2025-07-31 14:49:37
RET_000523,STU_202400523,2024-08-05 0:00:00,Satisfactory Progress,3.11,14,10,GEOG,ADV_1071,0,2025-07-31 14:28:37,236,18,11,67.8,0.5,0,59,23.5,TRUE,2,2025-08-01 1:19:37
RET_000524,STU_202400524,2024-08-05 0:00:00,Honor Roll,3.8,20,16,COMM,ADV_1066,14917.62,2025-07-25 14:28:37,54,13,11,53.7,0.78,0,52.9,16.8,FALSE,3,2025-07-31 18:13:37
RET_000525,STU_202400525,2024-08-10 0:00:00,Probationary Status,2.71,17,15,SOCI,ADV_1004,30401.9,2025-07-25 14:28:37,60,18,6,80.1,0.58,0,72.4,56.5,FALSE,0,2025-07-31 15:09:37
RET_000526,STU_202400526,2024-08-04 0:00:00,Conditional Standing,1.52,12,8,EDUC,ADV_1029,32068.16,2025-07-30 14:28:37,231,15,32,65.5,0.62,5,90.6,40.7,FALSE,2,2025-07-31 16:23:37
RET_000527,STU_202400527,2024-08-12 0:00:00,Excellent Standing,1.54,12,11,SOCI,ADV_1045,17082.84,2025-07-26 14:28:37,104,10,27,58.8,0.74,0,59.4,66.4,FALSE,3,2025-07-31 16:50:37
RET_000528,STU_202400528,2024-08-06 0:00:00,Good Standing,2.88,14,11,RELI,ADV_1039,0,2025-07-25 14:28:37,114,20,30,83.1,0.89,0,59.9,95.9,FALSE,2,2025-07-31 19:45:37
RET_000529,STU_202400529,2024-08-04 0:00:00,Satisfactory Progress,3.33,18,13,ENGL,ADV_1115,34252.94,2025-07-21 14:28:37,16,16,24,91.6,0.36,5,42.1,31.1,FALSE,1,2025-08-01 2:12:37
RET_000530,STU_202400530,2024-08-11 0:00:00,Academic Probation,2.65,16,12,EDUC,ADV_1095,30633.05,2025-07-28 14:28:37,75,22,29,68.3,0.63,0,87.7,29.5,FALSE,3,2025-08-01 7:16:37
RET_000531,STU_202400531,2024-08-11 0:00:00,Academic Suspension,3.26,13,11,POLI,ADV_1045,17037.36,2025-07-25 14:28:37,108,8,23,58.5,0.54,0,92.5,30.8,FALSE,3,2025-07-31 21:07:37
RET_000532,STU_202400532,2024-08-14 0:00:00,Honor Roll,3.98,18,17,ANTH,ADV_1067,18340.93,2025-08-01 14:28:37,288,9,18,64.1,0.31,0,59.3,30.4,TRUE,7,2025-08-01 6:32:37
RET_000533,STU_202400533,2024-08-05 0:00:00,Academic Suspension,2.85,18,15,COMP,ADV_1061,0,2025-08-01 14:28:37,302,11,2,73.4,0.58,7,83.3,79.8,FALSE,0,2025-08-01 9:42:37
RET_000534,STU_202400534,2024-08-09 0:00:00,Academic Probation,3.7,20,15,ARTS,ADV_1125,0,2025-07-31 14:28:37,182,16,31,68.1,0.49,0,70.9,83,TRUE,5,2025-08-01 4:59:37
RET_000535,STU_202400535,2024-08-08 0:00:00,Conditional Standing,3.72,12,11,PHIL,ADV_1047,29163.27,2025-07-02 14:28:37,44,18,33,75.4,0.33,0,86.2,39.4,FALSE,0,2025-08-01 8:32:37
RET_000536,STU_202400536,2024-08-05 0:00:00,Excellent Standing,3.22,14,12,ENGL,ADV_1136,13316.41,2025-08-01 14:28:37,187,12,24,72.4,0.81,0,39.9,26.7,TRUE,3,2025-08-01 2:46:37
RET_000537,STU_202400537,2024-08-15 0:00:00,Good Standing,2.7,19,13,PSYC,ADV_1009,0,2025-07-28 14:28:37,104,8,11,95.8,0.48,2,64.6,95.4,FALSE,1,2025-08-01 13:05:37
RET_000538,STU_202400538,2024-08-15 0:00:00,Probationary Status,3.78,20,15,GEOG,ADV_1088,17459.67,2025-07-31 14:28:37,364,9,12,75.5,1,0,93.2,48.5,TRUE,8,2025-07-31 21:13:37
RET_000539,STU_202400539,2024-08-14 0:00:00,Excellent Standing,2.96,12,11,ENGL,ADV_1022,0,2025-07-29 14:28:37,327,11,30,56.5,0.95,3,35.1,61.5,FALSE,1,2025-08-01 7:13:37
RET_000540,STU_202400540,2024-08-01 0:00:00,Satisfactory Progress,2.99,20,17,RELI,ADV_1038,15131.75,2025-07-30 14:28:37,220,19,2,77.3,0.94,0,43,92.8,FALSE,3,2025-08-01 6:16:37
RET_000541,STU_202400541,2024-08-02 0:00:00,Conditional Standing,3.18,15,13,PHIL,ADV_1040,5727.86,2025-07-28 14:28:37,50,11,1,86.8,0.76,8,90.1,48.8,FALSE,0,2025-08-01 12:37:37
RET_000542,STU_202400542,2024-08-11 0:00:00,Good Standing,2.7,12,9,COMM,ADV_1127,0,2025-07-25 14:28:37,126,20,6,56.8,0.31,0,75,73.1,FALSE,0,2025-07-31 16:13:37
RET_000543,STU_202400543,2024-08-07 0:00:00,Dean's List,3.83,12,11,MKTG,ADV_1106,23300.17,2025-07-31 14:28:37,306,18,29,76.5,0.74,0,44.9,97.2,FALSE,3,2025-08-01 12:23:37
RET_000544,STU_202400544,2024-08-14 0:00:00,Excellent Standing,3.52,13,12,PSYC,ADV_1099,11791.68,2025-07-26 14:28:37,110,9,21,63.2,0.54,0,41,54.3,FALSE,0,2025-07-31 15:35:37
RET_000545,STU_202400545,2024-08-05 0:00:00,Academic Suspension,3.54,18,14,FINC,ADV_1061,17759.89,2025-07-25 14:28:37,145,11,34,82.3,0.77,1,71.9,48,TRUE,7,2025-08-01 2:34:37
RET_000546,STU_202400546,2024-08-01 0:00:00,Warning Status,3.23,18,14,ENGL,ADV_1113,32961.31,2025-08-01 14:28:37,319,11,31,75,0.54,1,88.8,24.8,TRUE,6,2025-07-31 16:55:37
RET_000547,STU_202400547,2024-08-01 0:00:00,Satisfactory Progress,3.84,15,12,POLI,ADV_1043,28643.97,2025-07-27 14:28:37,88,19,20,69.2,0.63,5,70.6,78.4,TRUE,3,2025-07-31 23:03:37
RET_000548,STU_202400548,2024-08-06 0:00:00,Probationary Status,3.71,13,12,JOUR,ADV_1054,12011.97,2025-07-30 14:28:37,309,17,27,67.2,0.84,0,66.6,95.7,TRUE,5,2025-08-01 14:05:37
RET_000549,STU_202400549,2024-08-13 0:00:00,Satisfactory Progress,3.91,20,15,JOUR,ADV_1148,16391.62,2025-07-28 14:28:37,121,11,24,94.3,0.39,3,62.7,17.5,TRUE,1,2025-07-31 15:11:37
RET_000550,STU_202400550,2024-08-03 0:00:00,Good Standing,2.98,20,19,THEA,ADV_1089,12040.84,2025-07-31 14:28:37,174,11,13,98.1,0.7,1,64.8,51.7,FALSE,0,2025-08-01 2:33:37
RET_000551,STU_202400551,2024-08-11 0:00:00,Dean's List,3.38,17,13,ENGL,ADV_1014,2482.22,2025-07-30 14:28:37,346,16,26,63.8,0.45,0,52,77.2,TRUE,5,2025-07-31 23:39:37
RET_000552,STU_202400552,2024-08-05 0:00:00,Honor Roll,3.36,16,12,EDUC,ADV_1068,9469.24,2025-07-16 14:28:37,25,18,6,80.5,0.78,0,55.3,40.7,FALSE,2,2025-07-31 15:04:37
RET_000553,STU_202400553,2024-08-03 0:00:00,Excellent Standing,3.91,15,12,ACCT,ADV_1030,30981.42,2025-07-27 14:28:37,114,17,25,57,0.58,0,63.4,93.3,FALSE,2,2025-07-31 15:52:37
RET_000554,STU_202400554,2024-08-12 0:00:00,Academic Warning,2.05,18,15,ENGL,ADV_1014,23386.11,2025-07-28 14:28:37,107,8,25,60.4,0.67,0,92.1,75.1,TRUE,5,2025-07-31 17:11:37
RET_000555,STU_202400555,2024-08-08 0:00:00,Honor Roll,2.75,16,12,GEOG,ADV_1043,32470.93,2025-07-25 14:28:37,133,16,6,65.5,0.76,0,74.2,58.2,FALSE,3,2025-07-31 23:07:37
RET_000556,STU_202400556,2024-08-09 0:00:00,Satisfactory Progress,3.57,20,14,RELI,ADV_1119,6474.05,2025-07-11 14:28:37,17,10,14,52.4,0.73,4,82.7,33.3,FALSE,2,2025-08-01 0:03:37
RET_000557,STU_202400557,2024-08-12 0:00:00,Distinguished Standing,1.45,13,11,HIST,ADV_1103,27208.02,2025-07-05 14:28:37,41,8,20,77.6,0.42,4,49.4,70.6,FALSE,3,2025-07-31 19:43:37
RET_000558,STU_202400558,2024-08-07 0:00:00,Satisfactory Progress,3.7,17,16,COMP,ADV_1122,0,2025-07-31 14:28:37,393,8,24,74.5,0.9,0,44.3,65,FALSE,3,2025-07-31 14:37:37
RET_000559,STU_202400559,2024-08-09 0:00:00,Academic Probation,1.89,20,19,PHYS,ADV_1078,32751.6,2025-07-19 14:28:37,34,19,15,54.4,0.96,0,70.3,45,TRUE,7,2025-08-01 5:42:37
RET_000560,STU_202400560,2024-08-01 0:00:00,Good Standing,2.57,20,18,PHIL,ADV_1122,23842.88,2025-07-14 14:28:37,13,8,1,56.1,0.62,0,41.5,35.2,TRUE,1,2025-07-31 13:31:37
RET_000561,STU_202400561,2024-08-02 0:00:00,Probationary Status,3.7,16,14,PHIL,ADV_1137,27975.14,2025-07-25 14:28:37,80,13,32,79.3,0.86,0,44,93.9,FALSE,2,2025-07-31 18:07:37
RET_000562,STU_202400562,2024-08-02 0:00:00,Warning Status,3.94,18,15,BUSN,ADV_1060,16685.62,2025-07-30 14:28:37,212,19,4,45.4,0.32,0,81.2,26.5,TRUE,6,2025-08-01 8:05:37
RET_000563,STU_202400563,2024-08-15 0:00:00,Dean's List,3.02,15,13,MATH,ADV_1098,11345.45,2025-07-25 14:28:37,99,12,16,92.3,0.68,0,69.8,89.5,FALSE,3,2025-08-01 7:01:37
RET_000564,STU_202400564,2024-08-12 0:00:00,Distinguished Standing,3.55,19,17,HIST,ADV_1100,25815.8,2025-08-01 14:28:37,262,21,3,60.7,0.58,3,90.8,77.8,TRUE,1,2025-08-01 2:52:37
RET_000565,STU_202400565,2024-08-15 0:00:00,Academic Warning,3.85,12,10,COMP,ADV_1122,0,2025-08-01 14:28:37,243,19,32,78.7,0.61,0,75.3,84.4,FALSE,2,2025-07-31 22:34:37
RET_000566,STU_202400566,2024-08-03 0:00:00,Honor Roll,3.7,16,11,MGMT,ADV_1068,6429.22,2025-07-31 14:28:37,187,19,7,83.6,0.56,8,47.6,96.4,FALSE,1,2025-08-01 6:03:37
RET_000567,STU_202400567,2024-08-09 0:00:00,Excellent Standing,3.75,15,13,ENGL,ADV_1038,13574.15,2025-07-30 14:28:37,383,14,13,59.2,0.53,0,37,83.7,TRUE,1,2025-08-01 1:29:37
RET_000568,STU_202400568,2024-08-01 0:00:00,Good Standing,2.99,15,14,BUSN,ADV_1136,12818.98,2025-07-25 14:28:37,140,20,15,85.5,0.54,0,46.5,89.5,FALSE,1,2025-07-31 14:50:37
RET_000569,STU_202400569,2024-08-14 0:00:00,Excellent Standing,2.19,18,17,BIOL,ADV_1112,8568.57,2025-07-27 14:28:37,150,19,16,75.4,0.72,0,36.9,94.7,FALSE,2,2025-07-31 13:56:37
RET_000570,STU_202400570,2024-08-06 0:00:00,Conditional Standing,3.88,20,17,ACCT,ADV_1004,20195.13,2025-07-30 14:28:37,283,7,14,92.1,0.69,4,83.8,88.6,TRUE,7,2025-08-01 1:37:37
RET_000571,STU_202400571,2024-08-10 0:00:00,Academic Probation,1.88,16,12,COMP,ADV_1074,11835.28,2025-07-28 14:28:37,141,15,19,70.4,0.61,0,93,24.8,FALSE,1,2025-08-01 12:01:37
RET_000572,STU_202400572,2024-08-09 0:00:00,Dean's List,3.34,13,10,EDUC,ADV_1115,9441.66,2025-07-30 14:28:37,187,18,24,58.8,0.46,6,43,26.8,FALSE,1,2025-08-01 7:31:37
RET_000573,STU_202400573,2024-08-03 0:00:00,Academic Probation,3.39,17,12,EDUC,ADV_1098,0,2025-07-06 14:28:37,24,15,0,58.9,0.8,0,93,72.7,FALSE,2,2025-08-01 6:20:37
RET_000574,STU_202400574,2024-08-07 0:00:00,Satisfactory Progress,3.95,14,11,POLI,ADV_1081,11694.85,2025-07-26 14:28:37,111,14,22,79.4,0.71,0,53.9,65.6,FALSE,0,2025-08-01 12:17:37
RET_000575,STU_202400575,2024-08-03 0:00:00,Academic Probation,3.29,17,13,ARTS,ADV_1136,33750.79,2025-07-27 14:28:37,98,18,10,91.6,0.64,8,46,43.3,TRUE,6,2025-08-01 4:10:37
RET_000576,STU_202400576,2024-08-01 0:00:00,Probationary Status,2.82,16,12,BUSN,ADV_1011,19676.76,2025-07-26 14:28:37,51,12,21,57,0.44,2,59.9,60.6,FALSE,2,2025-08-01 3:27:37
RET_000577,STU_202400577,2024-08-05 0:00:00,Academic Warning,1.93,15,12,MGMT,ADV_1025,31301.58,2025-07-31 14:28:37,316,12,31,69.6,0.94,0,94.3,85.5,TRUE,1,2025-07-31 20:44:37
RET_000578,STU_202400578,2024-08-06 0:00:00,Satisfactory Progress,3.06,15,11,GEOG,ADV_1137,6909.65,2025-07-08 14:28:37,19,12,2,66.3,0.37,0,88.1,27.2,TRUE,7,2025-08-01 13:52:37
RET_000579,STU_202400579,2024-08-15 0:00:00,Distinguished Standing,3.71,15,14,BUSN,ADV_1091,8713.87,2025-07-31 14:28:37,219,17,34,91.7,0.98,0,71.2,64,TRUE,3,2025-08-01 3:29:37
RET_000580,STU_202400580,2024-08-15 0:00:00,Honor Roll,1.13,15,11,ECON,ADV_1111,0,2025-07-29 14:28:37,212,19,11,81.9,0.76,8,45.8,44.8,TRUE,3,2025-07-31 18:30:37
RET_000581,STU_202400581,2024-08-13 0:00:00,Excellent Standing,3.03,15,14,ENGL,ADV_1070,3905.19,2025-07-25 14:28:37,72,15,17,74.5,0.36,0,35.6,71.2,TRUE,8,2025-08-01 4:56:37
RET_000582,STU_202400582,2024-08-14 0:00:00,Distinguished Standing,2.51,17,12,ACCT,ADV_1086,3199.23,2025-07-31 14:28:37,381,14,19,48.3,0.46,0,55.6,51,FALSE,3,2025-08-01 11:36:37
RET_000583,STU_202400583,2024-08-01 0:00:00,Honor Roll,3.27,13,9,PSYC,ADV_1070,4792.2,2025-07-25 14:28:37,109,14,3,62.1,0.74,0,55.2,37.1,FALSE,3,2025-08-01 4:17:37
RET_000584,STU_202400584,2024-08-15 0:00:00,Conditional Standing,2.71,13,11,MATH,ADV_1069,0,2025-07-31 14:28:37,263,13,12,50.3,0.71,0,81.3,80,TRUE,3,2025-07-31 14:03:37
RET_000585,STU_202400585,2024-08-06 0:00:00,Satisfactory Progress,2.13,19,16,ENGL,ADV_1026,9266.59,2025-07-28 14:28:37,122,15,27,91.1,0.38,1,55,46.7,FALSE,0,2025-07-31 19:19:37
RET_000586,STU_202400586,2024-08-04 0:00:00,Satisfactory Progress,1.51,20,19,HIST,ADV_1066,26686.08,2025-07-04 14:28:37,17,23,0,58.5,0.59,0,79.2,46.4,FALSE,0,2025-08-01 3:38:37
RET_000587,STU_202400587,2024-08-11 0:00:00,Dean's List,3.23,19,15,BIOL,ADV_1150,28780.36,2025-07-30 14:28:37,234,16,32,60.2,0.75,0,66.9,48.8,TRUE,5,2025-08-01 2:52:37
RET_000588,STU_202400588,2024-08-04 0:00:00,Satisfactory Progress,3.84,17,14,ACCT,ADV_1101,23338.45,2025-07-29 14:28:37,237,17,35,71.9,0.74,7,90.6,21,FALSE,0,2025-08-01 2:03:37
RET_000589,STU_202400589,2024-08-11 0:00:00,Excellent Standing,1.79,16,13,ANTH,ADV_1119,0,2025-07-30 14:28:37,274,11,32,70.2,0.41,0,81.2,83.8,TRUE,5,2025-08-01 4:34:37
RET_000590,STU_202400590,2024-08-02 0:00:00,Academic Warning,2.82,20,15,ANTH,ADV_1062,7950.27,2025-07-26 14:28:37,136,8,28,63.3,0.78,2,67.3,16.2,FALSE,3,2025-08-01 0:17:37
RET_000591,STU_202400591,2024-08-06 0:00:00,Conditional Standing,3.96,15,13,ECON,ADV_1050,25582.82,2025-07-29 14:28:37,349,9,13,61.4,0.51,2,36.1,55,FALSE,0,2025-08-01 10:34:37
RET_000592,STU_202400592,2024-08-13 0:00:00,Dean's List,2.7,14,10,ANTH,ADV_1134,2423.9,2025-07-25 14:28:37,63,19,13,75.5,0.41,0,92.9,50.4,FALSE,0,2025-08-01 7:28:37
RET_000593,STU_202400593,2024-08-09 0:00:00,Warning Status,2.61,18,15,RELI,ADV_1087,0,2025-07-26 14:28:37,150,8,10,62.4,0.66,0,84.8,70.8,TRUE,7,2025-07-31 23:33:37
RET_000594,STU_202400594,2024-08-15 0:00:00,Excellent Standing,2.89,20,14,ANTH,ADV_1047,17375.32,2025-07-26 14:28:37,149,10,16,70.3,0.9,0,62.8,71.9,FALSE,3,2025-08-01 6:20:37
RET_000595,STU_202400595,2024-08-14 0:00:00,Distinguished Standing,3.08,17,13,SOCI,ADV_1081,6804.62,2025-07-30 14:28:37,228,19,22,89.4,0.52,5,85.1,27.1,FALSE,1,2025-08-01 7:05:37
RET_000596,STU_202400596,2024-08-07 0:00:00,Academic Warning,3.86,14,11,ANTH,ADV_1141,17354.84,2025-07-26 14:28:37,147,8,25,48,0.59,0,50.9,30.8,TRUE,2,2025-07-31 13:43:37
RET_000597,STU_202400597,2024-08-10 0:00:00,Academic Probation,3.51,13,11,SOCI,ADV_1003,5821.76,2025-07-30 14:28:37,399,20,17,46,0.79,4,75.1,58.9,TRUE,6,2025-07-31 20:21:37
RET_000598,STU_202400598,2024-08-12 0:00:00,Honor Roll,3.6,19,15,SOCI,ADV_1003,0,2025-07-28 14:28:37,87,8,20,67.9,0.57,0,58.7,62.4,FALSE,0,2025-08-01 6:17:37
RET_000599,STU_202400599,2024-08-03 0:00:00,Conditional Standing,2.85,12,8,COMM,ADV_1018,0,2025-07-29 14:28:37,354,16,32,68.5,0.49,0,48.8,96.4,FALSE,2,2025-08-01 2:21:37
RET_000600,STU_202400600,2024-08-15 0:00:00,Academic Suspension,3.9,15,12,BIOL,ADV_1004,14178.67,2025-07-30 14:28:37,233,19,30,95.9,0.96,0,84.3,77.3,FALSE,3,2025-08-01 5:25:37
RET_000601,STU_202400601,2024-08-15 0:00:00,Excellent Standing,2.72,13,10,ENGR,ADV_1106,4380,2025-07-26 14:28:37,138,11,17,97.8,0.71,0,35.1,35.9,FALSE,1,2025-07-31 17:12:37
RET_000602,STU_202400602,2024-08-04 0:00:00,Honor Roll,3.3,16,12,PHYS,ADV_1026,9117.98,2025-08-01 14:28:37,313,12,34,64.8,0.95,0,39.6,30.9,FALSE,3,2025-07-31 17:54:37
RET_000603,STU_202400603,2024-08-14 0:00:00,Good Standing,1.51,16,12,JOUR,ADV_1135,0,2025-07-30 14:28:37,375,11,26,89.1,0.91,7,91.4,37.2,TRUE,2,2025-07-31 20:16:37
RET_000604,STU_202400604,2024-08-03 0:00:00,Honor Roll,3.26,19,18,ACCT,ADV_1027,0,2025-07-29 14:28:37,293,13,15,62.5,0.68,0,87.1,59.9,FALSE,0,2025-08-01 6:38:37
RET_000605,STU_202400605,2024-08-13 0:00:00,Distinguished Standing,2.66,17,13,MUSC,ADV_1115,7880.87,2025-07-28 14:28:37,138,8,4,91.6,0.79,5,81.1,35,TRUE,5,2025-08-01 9:02:37
RET_000606,STU_202400606,2024-08-13 0:00:00,Honor Roll,3.54,19,15,ENGL,ADV_1090,12847.98,2025-07-27 14:28:37,148,19,13,54.9,0.63,0,64.8,81.1,TRUE,8,2025-08-01 11:09:37
RET_000607,STU_202400607,2024-08-03 0:00:00,Warning Status,2.69,18,16,THEA,ADV_1057,3800.79,2025-07-27 14:28:37,75,18,16,77.3,0.95,0,67,40.8,TRUE,7,2025-07-31 14:08:37
RET_000608,STU_202400608,2024-08-15 0:00:00,Warning Status,3.7,17,13,FINC,ADV_1073,28344.41,2025-07-26 14:28:37,104,20,31,87.7,0.88,0,81.8,57.2,TRUE,7,2025-08-01 5:15:37
RET_000609,STU_202400609,2024-08-07 0:00:00,Probationary Status,3.88,18,14,ANTH,ADV_1065,0,2025-07-27 14:28:37,52,22,2,96.3,0.91,6,68.6,67,FALSE,0,2025-07-31 15:37:37
RET_000610,STU_202400610,2024-08-01 0:00:00,Satisfactory Progress,3.08,14,12,MUSC,ADV_1050,10122.02,2025-07-25 14:28:37,86,19,4,84.3,0.7,0,67.7,18.4,FALSE,2,2025-08-01 13:00:37
RET_000611,STU_202400611,2024-08-03 0:00:00,Academic Warning,2.58,15,14,JOUR,ADV_1009,13703.18,2025-07-21 14:28:37,39,14,5,75.7,0.63,0,76.1,17.4,FALSE,1,2025-07-31 20:02:37
RET_000612,STU_202400612,2024-08-12 0:00:00,Satisfactory Progress,2.29,16,15,GEOG,ADV_1007,10715.77,2025-07-29 14:28:37,342,16,27,88.7,0.63,0,73.8,94.6,FALSE,2,2025-08-01 6:46:37
RET_000613,STU_202400613,2024-08-15 0:00:00,Excellent Standing,2.79,20,16,ENGR,ADV_1024,3150.89,2025-07-20 14:28:37,46,9,11,79.7,0.54,1,90.9,54.7,FALSE,1,2025-07-31 13:59:37
RET_000614,STU_202400614,2024-08-06 0:00:00,Satisfactory Progress,3.82,18,13,HIST,ADV_1015,0,2025-07-26 14:28:37,52,17,18,45.3,0.88,2,75.3,33.6,TRUE,2,2025-08-01 7:22:37
RET_000615,STU_202400615,2024-08-13 0:00:00,Academic Suspension,2.89,14,11,FINC,ADV_1056,0,2025-07-29 14:28:37,232,10,16,90.8,0.71,0,89.4,15.5,FALSE,1,2025-07-31 16:31:37
RET_000616,STU_202400616,2024-08-15 0:00:00,Academic Suspension,2.72,12,9,NURS,ADV_1032,21176.96,2025-07-25 14:28:37,133,16,22,92.8,0.8,0,44.8,85.7,FALSE,2,2025-08-01 14:27:37
RET_000617,STU_202400617,2024-08-07 0:00:00,Excellent Standing,3.05,19,14,MUSC,ADV_1031,16703.04,2025-07-29 14:28:37,347,9,19,54.7,0.32,0,90.9,51,FALSE,2,2025-07-31 20:47:37
RET_000618,STU_202400618,2024-08-13 0:00:00,Excellent Standing,1.93,20,17,MUSC,ADV_1023,30152.3,2025-08-01 14:28:37,349,14,22,96.1,0.53,0,67.5,47.4,TRUE,7,2025-07-31 16:42:37
RET_000619,STU_202400619,2024-08-11 0:00:00,Conditional Standing,2.51,17,15,ENGL,ADV_1034,30011.17,2025-07-29 14:28:37,318,10,19,53.7,0.99,0,39.1,88.5,TRUE,6,2025-08-01 10:57:37
RET_000620,STU_202400620,2024-08-14 0:00:00,Satisfactory Progress,1.02,16,12,HIST,ADV_1097,10557.31,2025-07-29 14:28:37,347,8,8,92,0.96,3,92.2,20.2,TRUE,8,2025-07-31 21:36:37
RET_000621,STU_202400621,2024-08-12 0:00:00,Academic Suspension,2.97,12,9,PSYC,ADV_1145,20499.25,2025-07-26 14:28:37,53,21,13,65.4,0.61,0,81.2,19.6,TRUE,3,2025-08-01 2:30:37
RET_000622,STU_202400622,2024-08-13 0:00:00,Dean's List,2.83,14,10,SOCI,ADV_1048,0,2025-07-29 14:28:37,347,17,7,50,0.42,4,41.8,84.2,FALSE,0,2025-08-01 9:19:37
RET_000623,STU_202400623,2024-08-04 0:00:00,Distinguished Standing,3.87,16,13,CHEM,ADV_1029,26591.06,2025-07-08 14:28:37,12,9,7,95.3,0.82,0,42.3,78.4,TRUE,4,2025-08-01 11:23:37
RET_000624,STU_202400624,2024-08-05 0:00:00,Dean's List,2.26,13,10,EDUC,ADV_1048,0,2025-07-27 14:28:37,103,10,5,87.8,0.55,6,65.6,56.8,TRUE,8,2025-08-01 2:42:37
RET_000625,STU_202400625,2024-08-03 0:00:00,Warning Status,2.97,17,13,ACCT,ADV_1065,9655.61,2025-07-31 14:28:37,391,8,0,65.3,0.59,0,71.9,21.2,TRUE,8,2025-07-31 21:00:37
RET_000626,STU_202400626,2024-08-13 0:00:00,Conditional Standing,3.81,17,14,BIOL,ADV_1076,21799.13,2025-07-21 14:28:37,27,12,4,68.2,0.89,3,56.2,70.5,FALSE,0,2025-08-01 11:30:37
RET_000627,STU_202400627,2024-08-12 0:00:00,Dean's List,2.55,16,12,ECON,ADV_1120,0,2025-07-31 14:28:37,316,22,30,45.8,0.97,0,46.4,82.6,FALSE,3,2025-07-31 21:11:37
RET_000628,STU_202400628,2024-08-02 0:00:00,Conditional Standing,2.64,18,13,EDUC,ADV_1020,0,2025-07-27 14:28:37,55,9,11,75.2,0.39,7,83.3,42.8,FALSE,1,2025-08-01 4:18:37
RET_000629,STU_202400629,2024-08-07 0:00:00,Good Standing,3.84,15,13,SOCI,ADV_1117,3183.33,2025-07-25 14:28:37,147,6,13,91.3,0.76,1,44.7,95.5,FALSE,1,2025-08-01 8:05:37
RET_000630,STU_202400630,2024-08-14 0:00:00,Academic Suspension,2.04,20,15,BUSN,ADV_1071,20707.03,2025-07-26 14:28:37,70,10,11,95.1,0.98,0,66.3,85.9,FALSE,0,2025-07-31 17:11:37
RET_000631,STU_202400631,2024-08-01 0:00:00,Distinguished Standing,2.2,16,12,COMM,ADV_1110,0,2025-07-30 14:28:37,243,8,1,71.6,0.51,0,46.7,19,TRUE,7,2025-07-31 14:31:37
RET_000632,STU_202400632,2024-08-14 0:00:00,Satisfactory Progress,1.06,20,16,PSYC,ADV_1083,14378.14,2025-07-28 14:28:37,129,8,1,62.7,0.92,5,36.8,20.5,FALSE,0,2025-08-01 9:01:37
RET_000633,STU_202400633,2024-08-08 0:00:00,Distinguished Standing,3.59,19,18,ACCT,ADV_1066,14494.6,2025-07-30 14:28:37,383,8,34,65.2,0.72,6,41.2,58.8,FALSE,2,2025-07-31 21:37:37
RET_000634,STU_202400634,2024-08-04 0:00:00,Conditional Standing,3.22,18,15,PSYC,ADV_1042,0,2025-07-30 14:28:37,175,11,14,49.9,0.99,0,83.7,65.8,FALSE,0,2025-08-01 0:12:37
RET_000635,STU_202400635,2024-08-04 0:00:00,Conditional Standing,3.61,19,16,PHYS,ADV_1019,3283.67,2025-07-25 14:28:37,109,21,34,68.6,0.9,0,46.4,38.2,FALSE,0,2025-08-01 5:34:37
RET_000636,STU_202400636,2024-08-14 0:00:00,Probationary Status,3.66,14,13,HIST,ADV_1071,0,2025-08-01 14:28:37,229,15,16,51.9,0.76,0,81.4,39.3,FALSE,3,2025-07-31 16:47:37
RET_000637,STU_202400637,2024-08-15 0:00:00,Probationary Status,2.61,17,14,ARTS,ADV_1016,14240.51,2025-07-31 14:28:37,272,19,12,51.7,0.66,1,85.1,65.3,FALSE,0,2025-07-31 16:57:37
RET_000638,STU_202400638,2024-08-08 0:00:00,Academic Warning,2.7,18,17,FINC,ADV_1098,5115.1,2025-07-30 14:28:37,207,12,6,83.4,0.5,7,81.3,86.2,TRUE,4,2025-08-01 13:21:37
RET_000639,STU_202400639,2024-08-06 0:00:00,Satisfactory Progress,2.86,13,9,ANTH,ADV_1100,8612.08,2025-07-29 14:28:37,207,9,19,62.6,0.98,0,73.6,41.7,TRUE,4,2025-07-31 23:16:37
RET_000640,STU_202400640,2024-08-05 0:00:00,Good Standing,3.89,17,13,MUSC,ADV_1086,20385.75,2025-07-28 14:28:37,147,11,27,65.1,0.4,0,37.5,52.6,TRUE,3,2025-07-31 18:18:37
RET_000641,STU_202400641,2024-08-14 0:00:00,Academic Warning,2.91,17,15,JOUR,ADV_1016,16309.16,2025-08-01 14:28:37,341,18,3,87.5,0.99,0,35.2,79.2,TRUE,4,2025-07-31 17:29:37
RET_000642,STU_202400642,2024-08-13 0:00:00,Excellent Standing,3.21,16,14,COMP,ADV_1067,0,2025-08-01 14:28:37,363,9,25,62.3,0.7,0,94.3,86.6,TRUE,4,2025-07-31 17:27:37
RET_000643,STU_202400643,2024-08-14 0:00:00,Warning Status,2.83,18,14,FINC,ADV_1068,15372.46,2025-07-27 14:28:37,74,22,28,98.1,0.62,6,80,58.3,FALSE,0,2025-07-31 15:55:37
RET_000644,STU_202400644,2024-08-04 0:00:00,Academic Suspension,3.89,19,17,ARTS,ADV_1046,17030.19,2025-07-25 14:28:37,65,17,32,94.4,0.54,0,53.9,87.4,TRUE,2,2025-08-01 0:38:37
RET_000645,STU_202400645,2024-08-04 0:00:00,Academic Probation,3.22,17,15,SOCI,ADV_1113,17511.43,2025-07-16 14:28:37,26,20,35,69.4,0.37,0,43,93.8,FALSE,3,2025-08-01 3:32:37
RET_000646,STU_202400646,2024-08-01 0:00:00,Satisfactory Progress,3.51,20,19,EDUC,ADV_1018,13001.61,2025-07-08 14:28:37,21,11,27,79.4,0.98,0,66.2,68.3,FALSE,2,2025-07-31 14:36:37
RET_000647,STU_202400647,2024-08-11 0:00:00,Academic Probation,3.85,18,13,NURS,ADV_1126,17847.34,2025-07-29 14:28:37,399,21,7,51.4,0.8,6,64.7,67,FALSE,0,2025-08-01 10:14:37
RET_000648,STU_202400648,2024-08-04 0:00:00,Excellent Standing,1.47,12,8,ACCT,ADV_1052,5187.1,2025-07-27 14:28:37,89,14,35,97.7,0.36,5,42.2,19.2,FALSE,2,2025-07-31 23:59:37
RET_000649,STU_202400649,2024-08-07 0:00:00,Satisfactory Progress,3.16,15,13,CHEM,ADV_1101,26103.04,2025-07-08 14:28:37,16,21,32,55.4,0.89,8,54,45.6,FALSE,2,2025-08-01 0:20:37
RET_000650,STU_202400650,2024-08-06 0:00:00,Good Standing,3.38,13,9,ANTH,ADV_1046,0,2025-08-01 14:28:37,200,16,9,75.1,0.67,0,84.3,67.9,TRUE,6,2025-07-31 20:01:37
RET_000651,STU_202400651,2024-08-05 0:00:00,Distinguished Standing,3.99,18,13,BUSN,ADV_1126,27414.6,2025-07-27 14:28:37,119,18,33,53.9,0.41,0,86.5,37.4,TRUE,7,2025-08-01 1:45:37
RET_000652,STU_202400652,2024-08-14 0:00:00,Academic Warning,1.39,13,12,MGMT,ADV_1028,2782.28,2025-07-29 14:28:37,365,14,27,90.9,0.49,0,53,89.3,TRUE,4,2025-08-01 4:02:37
RET_000653,STU_202400653,2024-08-02 0:00:00,Conditional Standing,1.32,19,16,NURS,ADV_1037,5261.56,2025-07-12 14:28:37,23,16,26,92.8,0.63,2,83.9,51.6,FALSE,2,2025-08-01 8:16:37
RET_000654,STU_202400654,2024-08-13 0:00:00,Probationary Status,3.31,12,11,BUSN,ADV_1139,31848.77,2025-07-28 14:28:37,50,10,35,80.7,0.45,6,93.9,64.7,FALSE,3,2025-08-01 0:28:37
RET_000655,STU_202400655,2024-08-05 0:00:00,Academic Warning,3.79,20,18,COMP,ADV_1111,0,2025-07-31 14:28:37,165,10,9,70.7,0.41,6,53.5,47.4,FALSE,1,2025-08-01 11:11:37
RET_000656,STU_202400656,2024-08-06 0:00:00,Academic Probation,3.7,13,9,NURS,ADV_1056,4098.41,2025-07-17 14:28:37,30,16,26,65.9,0.44,0,36.4,19.8,FALSE,0,2025-08-01 12:47:37
RET_000657,STU_202400657,2024-08-11 0:00:00,Satisfactory Progress,3.1,14,10,ANTH,ADV_1028,3166.3,2025-07-31 14:28:37,207,9,25,51.6,0.82,8,40.6,93.3,TRUE,6,2025-08-01 12:29:37
RET_000658,STU_202400658,2024-08-09 0:00:00,Honor Roll,1.41,18,14,BUSN,ADV_1114,29501.48,2025-07-20 14:28:37,18,10,17,85.7,0.31,0,66.5,88.5,TRUE,2,2025-07-31 13:48:37
RET_000659,STU_202400659,2024-08-07 0:00:00,Academic Suspension,3.7,15,13,RELI,ADV_1067,19217,2025-07-28 14:28:37,117,16,30,57.4,0.61,0,41,75.3,TRUE,8,2025-07-31 16:06:37
RET_000660,STU_202400660,2024-08-11 0:00:00,Warning Status,2.91,19,16,ANTH,ADV_1027,32678.63,2025-07-25 14:28:37,69,11,17,95.8,0.33,0,93.5,78.3,FALSE,2,2025-08-01 9:36:37
RET_000661,STU_202400661,2024-08-14 0:00:00,Distinguished Standing,3.57,14,12,PHIL,ADV_1009,34592.81,2025-07-28 14:28:37,64,24,27,76.3,0.91,3,46,49.2,FALSE,3,2025-07-31 23:29:37
RET_000662,STU_202400662,2024-08-09 0:00:00,Conditional Standing,2.6,14,9,THEA,ADV_1019,10609.6,2025-07-25 14:28:37,147,10,33,50.5,1,0,83,25.8,FALSE,3,2025-07-31 21:24:37
RET_000663,STU_202400663,2024-08-06 0:00:00,Probationary Status,2.61,17,16,GEOG,ADV_1019,14466.9,2025-07-27 14:28:37,80,25,27,67.6,0.75,0,51.6,26.4,FALSE,1,2025-08-01 13:29:37
RET_000664,STU_202400664,2024-08-01 0:00:00,Academic Probation,3.73,17,16,JOUR,ADV_1147,17674.51,2025-07-16 14:28:37,22,17,32,62.6,0.77,7,89.8,16.6,FALSE,0,2025-08-01 3:08:37
RET_000665,STU_202400665,2024-08-02 0:00:00,Academic Suspension,3.55,19,18,MKTG,ADV_1065,15085.58,2025-07-27 14:28:37,60,7,31,58,0.65,0,77.8,81.3,TRUE,6,2025-07-31 17:55:37
RET_000666,STU_202400666,2024-08-15 0:00:00,Probationary Status,3.13,20,19,CHEM,ADV_1115,0,2025-07-28 14:28:37,63,16,24,77.5,0.91,7,52.8,76.9,FALSE,1,2025-07-31 17:26:37
RET_000667,STU_202400667,2024-08-05 0:00:00,Excellent Standing,3.27,20,16,THEA,ADV_1005,0,2025-08-01 14:28:37,304,15,6,75.8,0.38,0,52.9,55.8,FALSE,0,2025-08-01 13:27:37
RET_000668,STU_202400668,2024-08-03 0:00:00,Conditional Standing,2,20,15,MATH,ADV_1128,24779.53,2025-07-27 14:28:37,124,23,25,83.4,0.33,3,53.7,66.9,TRUE,8,2025-08-01 9:58:37
RET_000669,STU_202400669,2024-08-10 0:00:00,Academic Suspension,2.54,19,16,ARTS,ADV_1039,13397.36,2025-07-25 14:28:37,108,10,25,88.5,0.74,2,51.1,54.4,FALSE,2,2025-07-31 17:17:37
RET_000670,STU_202400670,2024-08-05 0:00:00,Probationary Status,3.59,18,15,ARTS,ADV_1001,32851.44,2025-08-01 14:28:37,205,14,1,78.7,0.53,0,39.1,46.9,FALSE,0,2025-07-31 15:20:37
RET_000671,STU_202400671,2024-08-01 0:00:00,Distinguished Standing,3.78,20,15,MGMT,ADV_1010,3604.4,2025-07-26 14:28:37,53,21,16,64.2,0.78,3,88.5,19,FALSE,3,2025-08-01 12:09:37
RET_000672,STU_202400672,2024-08-02 0:00:00,Satisfactory Progress,2.59,17,14,CHEM,ADV_1100,9817.04,2025-07-29 14:28:37,220,20,3,62.4,0.79,0,83.6,28.4,FALSE,1,2025-08-01 9:08:37
RET_000673,STU_202400673,2024-08-10 0:00:00,Excellent Standing,2.56,15,14,SOCI,ADV_1069,31237.39,2025-07-30 14:28:37,203,21,35,79.7,0.82,0,41.4,73,TRUE,4,2025-07-31 23:46:37
RET_000674,STU_202400674,2024-08-07 0:00:00,Good Standing,2.68,19,15,THEA,ADV_1039,6816.25,2025-07-30 14:28:37,366,21,5,62.9,0.73,0,91.4,64.9,FALSE,1,2025-08-01 8:21:37
RET_000675,STU_202400675,2024-08-06 0:00:00,Warning Status,3.97,18,14,PHIL,ADV_1085,0,2025-07-29 14:28:37,231,8,5,79.2,0.52,2,45.1,78.8,FALSE,1,2025-08-01 1:27:37
RET_000676,STU_202400676,2024-08-12 0:00:00,Academic Probation,1.82,16,11,NURS,ADV_1101,0,2025-07-30 14:28:37,343,11,16,90.8,0.64,0,69.1,36.9,FALSE,1,2025-07-31 19:09:37
RET_000677,STU_202400677,2024-08-13 0:00:00,Dean's List,3.4,20,18,BUSN,ADV_1148,28611.09,2025-07-25 14:28:37,96,8,20,45.9,0.43,3,63.2,48,FALSE,0,2025-08-01 6:52:37
RET_000678,STU_202400678,2024-08-06 0:00:00,Probationary Status,3.9,14,11,CHEM,ADV_1001,12611.65,2025-07-28 14:28:37,146,17,11,66.3,0.79,1,94.4,58.5,TRUE,2,2025-07-31 15:38:37
RET_000679,STU_202400679,2024-08-07 0:00:00,Probationary Status,2.19,19,16,PHIL,ADV_1132,19422.95,2025-07-31 14:28:37,332,21,16,52.8,0.54,0,66.4,59.3,FALSE,3,2025-08-01 10:39:37
RET_000680,STU_202400680,2024-08-10 0:00:00,Honor Roll,3.35,19,18,NURS,ADV_1126,15735.92,2025-07-30 14:28:37,385,9,18,77.8,0.98,0,82.7,20.6,TRUE,3,2025-08-01 7:40:37
RET_000681,STU_202400681,2024-08-09 0:00:00,Dean's List,2.29,19,15,THEA,ADV_1123,27120.54,2025-07-29 14:28:37,263,9,35,53.3,0.99,1,38.6,31.2,FALSE,1,2025-08-01 1:55:37
RET_000682,STU_202400682,2024-08-02 0:00:00,Distinguished Standing,3.75,18,16,ACCT,ADV_1112,0,2025-07-29 14:28:37,363,10,14,68.6,0.87,0,75,31.8,FALSE,0,2025-07-31 17:44:37
RET_000683,STU_202400683,2024-08-07 0:00:00,Academic Probation,2.82,15,14,GEOG,ADV_1104,17218.93,2025-07-28 14:28:37,81,15,30,89.8,0.59,0,66.7,34.3,FALSE,1,2025-08-01 11:57:37
RET_000684,STU_202400684,2024-08-15 0:00:00,Conditional Standing,2.9,20,16,CHEM,ADV_1018,18409.54,2025-07-29 14:28:37,255,14,25,78.6,0.92,0,59.3,92.8,TRUE,2,2025-08-01 8:30:37
RET_000685,STU_202400685,2024-08-10 0:00:00,Academic Probation,1.86,18,17,PSYC,ADV_1139,0,2025-07-16 14:28:37,50,20,16,68.1,0.56,0,89.6,94.2,TRUE,2,2025-08-01 13:16:37
RET_000686,STU_202400686,2024-08-04 0:00:00,Probationary Status,3.75,18,14,POLI,ADV_1058,27059.45,2025-07-17 14:28:37,25,14,4,96.3,0.39,0,49.9,41.1,TRUE,4,2025-08-01 11:16:37
RET_000687,STU_202400687,2024-08-05 0:00:00,Distinguished Standing,2.58,14,12,ARTS,ADV_1001,0,2025-07-02 14:28:37,20,18,8,50.2,0.94,2,50.3,74.3,TRUE,1,2025-08-01 1:49:37
RET_000688,STU_202400688,2024-08-01 0:00:00,Academic Probation,3.08,18,17,NURS,ADV_1099,17548.62,2025-07-02 14:28:37,35,14,6,88.2,0.72,0,35.1,29.2,TRUE,7,2025-08-01 3:06:37
RET_000689,STU_202400689,2024-08-12 0:00:00,Satisfactory Progress,3.39,15,11,POLI,ADV_1124,32620.06,2025-07-29 14:28:37,269,16,3,69.6,0.61,0,70.4,43.6,FALSE,3,2025-07-31 16:19:37
RET_000690,STU_202400690,2024-08-07 0:00:00,Academic Warning,2.84,18,15,ACCT,ADV_1032,13019.67,2025-07-31 14:28:37,394,6,35,69,0.76,7,46.1,94.8,TRUE,1,2025-07-31 21:39:37
RET_000691,STU_202400691,2024-08-01 0:00:00,Distinguished Standing,3.2,20,18,MGMT,ADV_1146,0,2025-07-09 14:28:37,50,7,22,48.5,0.8,0,42.2,24,FALSE,3,2025-08-01 2:17:37
RET_000692,STU_202400692,2024-08-09 0:00:00,Honor Roll,2.79,16,12,POLI,ADV_1138,27289.13,2025-08-01 14:28:37,332,24,27,82.7,0.96,0,42.9,60.2,FALSE,0,2025-07-31 15:27:37
RET_000693,STU_202400693,2024-08-15 0:00:00,Good Standing,3.04,20,18,ARTS,ADV_1092,15039.1,2025-07-18 14:28:37,47,12,34,82.3,0.51,0,94.9,21.6,TRUE,2,2025-07-31 18:47:37
RET_000694,STU_202400694,2024-08-13 0:00:00,Good Standing,2.13,18,13,HIST,ADV_1086,28000.6,2025-07-26 14:28:37,68,19,20,91.2,0.98,8,58.7,15.9,FALSE,1,2025-08-01 8:52:37
RET_000695,STU_202400695,2024-08-09 0:00:00,Academic Suspension,3.74,13,9,EDUC,ADV_1078,12976.44,2025-07-27 14:28:37,125,7,4,73.3,0.81,3,69.5,85.5,FALSE,0,2025-07-31 14:48:37
RET_000696,STU_202400696,2024-08-11 0:00:00,Good Standing,2.71,16,11,POLI,ADV_1103,8737.84,2025-07-29 14:28:37,400,14,11,46.6,0.95,0,78,89.6,TRUE,4,2025-07-31 22:38:37
RET_000697,STU_202400697,2024-08-12 0:00:00,Honor Roll,2.72,19,16,ANTH,ADV_1015,15869.29,2025-07-27 14:28:37,61,12,24,88.1,0.57,1,55.5,28.6,FALSE,2,2025-08-01 7:06:37
RET_000698,STU_202400698,2024-08-12 0:00:00,Academic Suspension,3.87,16,14,CHEM,ADV_1024,13939.09,2025-07-27 14:28:37,73,10,22,54.5,0.6,0,43.8,23.4,FALSE,1,2025-08-01 9:42:37
RET_000699,STU_202400699,2024-08-12 0:00:00,Academic Suspension,3.79,19,14,JOUR,ADV_1094,7094.17,2025-07-31 14:28:37,197,13,12,57.1,0.99,0,42.4,65,FALSE,0,2025-08-01 2:49:37
RET_000700,STU_202400700,2024-08-11 0:00:00,Conditional Standing,3.34,12,8,THEA,ADV_1137,31153.46,2025-07-27 14:28:37,107,14,16,46.1,0.72,0,93.6,15,FALSE,0,2025-08-01 2:36:37
RET_000701,STU_202400701,2024-08-04 0:00:00,Academic Warning,2.71,20,14,ENGL,ADV_1088,10964.14,2025-07-23 14:28:37,48,9,10,45.1,0.99,0,66.1,24.3,FALSE,2,2025-07-31 16:45:37
RET_000702,STU_202400702,2024-08-06 0:00:00,Dean's List,3.68,13,10,ARTS,ADV_1021,18937.54,2025-07-27 14:28:37,99,7,23,91,0.97,0,74.8,77.3,FALSE,1,2025-08-01 7:30:37
RET_000703,STU_202400703,2024-08-07 0:00:00,Excellent Standing,3.68,14,12,MGMT,ADV_1118,10128.83,2025-07-25 14:28:37,73,12,22,50.2,0.78,2,56.2,34.8,TRUE,5,2025-08-01 7:19:37
RET_000704,STU_202400704,2024-08-02 0:00:00,Conditional Standing,3.35,12,9,GEOG,ADV_1075,0,2025-07-27 14:28:37,123,13,11,72.1,0.87,8,49.6,57.6,FALSE,2,2025-08-01 9:19:37
RET_000705,STU_202400705,2024-08-11 0:00:00,Warning Status,3.99,14,9,ARTS,ADV_1052,12363.87,2025-08-01 14:28:37,389,23,7,88.2,0.52,0,51.4,70.6,FALSE,0,2025-07-31 17:44:37
RET_000706,STU_202400706,2024-08-15 0:00:00,Probationary Status,2.53,15,12,PHYS,ADV_1046,19943.07,2025-07-27 14:28:37,137,15,33,54,0.37,0,35.2,26,TRUE,4,2025-07-31 13:36:37
RET_000707,STU_202400707,2024-08-06 0:00:00,Academic Warning,1.84,16,14,BUSN,ADV_1142,31650.35,2025-07-30 14:28:37,306,15,35,89.5,0.85,0,38.7,56.1,FALSE,0,2025-08-01 0:14:37
RET_000708,STU_202400708,2024-08-10 0:00:00,Academic Warning,1.67,19,18,THEA,ADV_1011,19734.87,2025-07-03 14:28:37,40,11,15,64.6,0.47,2,66.5,62.6,FALSE,3,2025-07-31 15:49:37
RET_000709,STU_202400709,2024-08-06 0:00:00,Academic Warning,3.9,19,17,MATH,ADV_1099,0,2025-07-29 14:28:37,353,8,22,48.1,0.99,0,41.6,43.6,FALSE,0,2025-08-01 7:31:37
RET_000710,STU_202400710,2024-08-11 0:00:00,Academic Probation,3.22,12,9,HIST,ADV_1049,3243.72,2025-07-31 14:28:37,367,10,20,93.8,0.69,0,52,25.1,FALSE,2,2025-07-31 21:50:37
RET_000711,STU_202400711,2024-08-14 0:00:00,Warning Status,2.63,14,10,ACCT,ADV_1077,14668.83,2025-07-26 14:28:37,146,19,12,60.1,0.39,0,81.1,33.1,FALSE,3,2025-07-31 19:17:37
RET_000712,STU_202400712,2024-08-02 0:00:00,Conditional Standing,2.6,18,12,RELI,ADV_1100,13571.09,2025-07-28 14:28:37,130,14,27,65.2,0.64,0,80.8,21.2,FALSE,0,2025-08-01 14:10:37
RET_000713,STU_202400713,2024-08-12 0:00:00,Warning Status,2.57,19,14,JOUR,ADV_1028,16240.04,2025-07-27 14:28:37,121,17,24,61.4,0.99,0,62.3,70.4,TRUE,1,2025-08-01 2:34:37
RET_000714,STU_202400714,2024-08-15 0:00:00,Probationary Status,3.79,16,15,PHIL,ADV_1092,9939.6,2025-08-01 14:28:37,285,9,5,61.4,0.71,0,48.5,39.6,FALSE,3,2025-07-31 22:44:37
RET_000715,STU_202400715,2024-08-05 0:00:00,Dean's List,3.38,12,8,ENGL,ADV_1125,2725.27,2025-07-07 14:28:37,16,20,3,73.6,0.33,0,86.8,37,FALSE,0,2025-07-31 15:35:37
RET_000716,STU_202400716,2024-08-09 0:00:00,Satisfactory Progress,3.08,15,12,NURS,ADV_1022,0,2025-07-29 14:28:37,240,9,27,84.5,0.67,5,44.6,19.1,TRUE,7,2025-08-01 6:38:37
RET_000717,STU_202400717,2024-08-05 0:00:00,Warning Status,3.14,19,14,EDUC,ADV_1113,10024.93,2025-07-27 14:28:37,137,9,6,69.5,0.43,0,89.3,94.8,FALSE,2,2025-08-01 3:14:37
RET_000718,STU_202400718,2024-08-11 0:00:00,Academic Warning,3.81,12,9,COMP,ADV_1049,30749.5,2025-07-27 14:28:37,59,14,13,75.6,0.73,0,49.1,86.8,FALSE,0,2025-08-01 10:14:37
RET_000719,STU_202400719,2024-08-07 0:00:00,Dean's List,3.91,13,11,ARTS,ADV_1036,8034.72,2025-07-26 14:28:37,76,10,0,93.4,0.76,0,48.1,41.8,FALSE,1,2025-08-01 1:01:37
RET_000720,STU_202400720,2024-08-06 0:00:00,Satisfactory Progress,3.65,15,12,BIOL,ADV_1010,17025.56,2025-07-14 14:28:37,16,21,14,64.9,0.89,4,41.6,26.7,FALSE,0,2025-08-01 11:56:37
RET_000721,STU_202400721,2024-08-07 0:00:00,Probationary Status,3.13,16,15,HIST,ADV_1050,15519.44,2025-07-30 14:28:37,303,16,16,92.2,0.6,8,40.9,47.8,FALSE,2,2025-08-01 3:26:37
RET_000722,STU_202400722,2024-08-12 0:00:00,Honor Roll,3.89,14,12,ARTS,ADV_1007,17160.13,2025-07-28 14:28:37,76,18,26,81.9,0.59,5,79.8,57.4,TRUE,5,2025-07-31 23:03:37
RET_000723,STU_202400723,2024-08-05 0:00:00,Satisfactory Progress,2.79,12,11,RELI,ADV_1062,0,2025-07-28 14:28:37,74,12,0,78.5,0.58,0,69,95.8,FALSE,3,2025-08-01 11:30:37
RET_000724,STU_202400724,2024-08-09 0:00:00,Honor Roll,3.82,20,17,JOUR,ADV_1126,31815.59,2025-07-25 14:28:37,66,17,4,79.1,0.38,2,50.1,22.8,TRUE,1,2025-08-01 12:53:37
RET_000725,STU_202400725,2024-08-03 0:00:00,Probationary Status,1.69,16,13,PSYC,ADV_1100,8615.67,2025-07-09 14:28:37,9,14,20,54,0.82,0,92.5,37.9,FALSE,1,2025-08-01 0:26:37
RET_000726,STU_202400726,2024-08-04 0:00:00,Good Standing,2.81,16,12,ARTS,ADV_1017,10071.06,2025-07-02 14:28:37,49,12,34,60.3,0.9,7,82.9,97.6,FALSE,1,2025-07-31 22:17:37
RET_000727,STU_202400727,2024-08-07 0:00:00,Satisfactory Progress,3.98,12,11,PHYS,ADV_1139,0,2025-07-31 14:28:37,251,8,35,90.3,0.44,0,46,34.6,TRUE,3,2025-08-01 1:50:37
RET_000728,STU_202400728,2024-08-11 0:00:00,Honor Roll,3.86,15,14,ECON,ADV_1079,0,2025-08-01 14:28:37,270,9,7,57.2,0.88,0,66.7,32,FALSE,3,2025-07-31 22:38:37
RET_000729,STU_202400729,2024-08-07 0:00:00,Probationary Status,2.69,15,13,COMP,ADV_1128,0,2025-07-31 14:28:37,211,17,23,68.4,0.4,0,36.2,35.8,TRUE,8,2025-08-01 10:40:37
RET_000730,STU_202400730,2024-08-11 0:00:00,Excellent Standing,3.21,17,11,JOUR,ADV_1137,0,2025-08-01 14:28:37,319,21,12,86.1,0.81,6,69.1,23.4,FALSE,1,2025-07-31 21:37:37
RET_000731,STU_202400731,2024-08-12 0:00:00,Academic Warning,2.89,16,14,GEOG,ADV_1116,28034.1,2025-08-01 14:28:37,392,11,16,94.3,0.55,0,46.6,54,FALSE,0,2025-08-01 8:35:37
RET_000732,STU_202400732,2024-08-15 0:00:00,Academic Probation,2.87,18,16,JOUR,ADV_1005,25822.87,2025-08-01 14:28:37,250,10,18,72,0.46,0,53.4,24,FALSE,3,2025-08-01 8:04:37
RET_000733,STU_202400733,2024-08-03 0:00:00,Satisfactory Progress,2.84,12,11,MKTG,ADV_1010,0,2025-07-27 14:28:37,134,8,28,48.7,0.47,5,70.2,26.8,FALSE,0,2025-08-01 13:22:37
RET_000734,STU_202400734,2024-08-10 0:00:00,Academic Suspension,3.79,19,17,HIST,ADV_1087,20821.28,2025-07-30 14:28:37,186,14,3,51,0.35,0,75.2,53.4,FALSE,2,2025-08-01 13:57:37
RET_000735,STU_202400735,2024-08-10 0:00:00,Warning Status,2.91,14,11,JOUR,ADV_1015,28153.54,2025-08-01 14:28:37,308,17,20,64.8,0.4,5,40.8,80.6,FALSE,3,2025-08-01 11:19:37
RET_000736,STU_202400736,2024-08-05 0:00:00,Honor Roll,2.52,13,10,BUSN,ADV_1087,0,2025-07-29 14:28:37,151,8,3,88.5,0.84,0,46.8,70.4,TRUE,8,2025-08-01 2:22:37
RET_000737,STU_202400737,2024-08-07 0:00:00,Probationary Status,2.81,19,13,MATH,ADV_1011,0,2025-07-29 14:28:37,345,11,34,49,0.75,0,37.7,29.1,FALSE,3,2025-08-01 2:47:37
RET_000738,STU_202400738,2024-08-09 0:00:00,Conditional Standing,2.57,17,16,PHYS,ADV_1104,16092.15,2025-07-06 14:28:37,46,12,24,69.1,0.82,0,63.3,30.5,FALSE,0,2025-07-31 21:14:37
RET_000739,STU_202400739,2024-08-14 0:00:00,Distinguished Standing,3.67,12,8,MATH,ADV_1031,27811.1,2025-07-28 14:28:37,94,24,30,94.2,0.41,0,55,16.2,FALSE,1,2025-07-31 20:45:37
RET_000740,STU_202400740,2024-08-01 0:00:00,Honor Roll,3.85,14,12,JOUR,ADV_1055,0,2025-07-27 14:28:37,78,10,11,96.5,0.57,0,92.5,28.4,TRUE,2,2025-07-31 20:48:37
RET_000741,STU_202400741,2024-08-05 0:00:00,Satisfactory Progress,3.8,13,9,ARTS,ADV_1134,0,2025-07-30 14:28:37,244,12,19,52.7,0.62,0,39.6,22.7,TRUE,6,2025-08-01 8:43:37
RET_000742,STU_202400742,2024-08-05 0:00:00,Honor Roll,2.8,15,11,GEOG,ADV_1118,0,2025-07-29 14:28:37,252,16,22,56.1,0.58,0,43.2,55.8,FALSE,1,2025-08-01 11:34:37
RET_000743,STU_202400743,2024-08-04 0:00:00,Dean's List,3,20,18,ENGR,ADV_1138,24348.05,2025-07-10 14:28:37,33,14,29,64.5,0.53,0,37.6,83.1,FALSE,2,2025-07-31 22:46:37
RET_000744,STU_202400744,2024-08-07 0:00:00,Conditional Standing,3.09,17,16,PHYS,ADV_1039,26321.94,2025-07-29 14:28:37,212,18,12,75.4,0.96,0,67.1,59.5,FALSE,0,2025-07-31 18:01:37
RET_000745,STU_202400745,2024-08-13 0:00:00,Satisfactory Progress,2.85,19,17,THEA,ADV_1149,6272.05,2025-07-27 14:28:37,109,22,26,65.1,0.51,2,78.1,30.1,FALSE,2,2025-07-31 15:40:37
RET_000746,STU_202400746,2024-08-10 0:00:00,Academic Probation,2.55,12,10,JOUR,ADV_1060,0,2025-07-25 14:28:37,63,19,28,61.1,0.88,0,47.9,67.1,FALSE,0,2025-08-01 5:54:37
RET_000747,STU_202400747,2024-08-10 0:00:00,Dean's List,1.12,17,15,NURS,ADV_1019,24918.61,2025-07-26 14:28:37,56,10,21,74.5,0.41,0,37.2,36.7,FALSE,2,2025-08-01 5:39:37
RET_000748,STU_202400748,2024-08-11 0:00:00,Conditional Standing,3.74,16,15,BUSN,ADV_1010,28864.41,2025-07-26 14:28:37,73,8,13,65.6,0.77,0,70.2,92.2,TRUE,6,2025-08-01 1:58:37
RET_000749,STU_202400749,2024-08-06 0:00:00,Warning Status,1.29,19,17,MKTG,ADV_1037,8249.7,2025-07-30 14:28:37,314,17,12,53.1,0.52,0,51.8,49.8,FALSE,0,2025-08-01 8:08:37